sku,stp_present_exploitable,stp_fichiers,statut_gate,statut_json,cause_divergence
0900,non,,SUSPECT_GEOMETRIE,ERREUR_SELECTION,correlation triviale (statut JSON non-OK => CONTRAT_LOADER_STATUT_NON_OK bloquant gate)
1000,non,,OK,OK,
1005,non,,SUSPECT_GEOMETRIE,ERREUR_SELECTION,correlation triviale (statut JSON non-OK => CONTRAT_LOADER_STATUT_NON_OK bloquant gate)
1102BH,non,,SUSPECT_GEOMETRIE,ERREUR_UNITES,correlation triviale (statut JSON non-OK => CONTRAT_LOADER_STATUT_NON_OK bloquant gate)
1145c,non,,SUSPECT_GEOMETRIE,ERREUR_SELECTION,correlation triviale (statut JSON non-OK => CONTRAT_LOADER_STATUT_NON_OK bloquant gate)
1202,non,,SUSPECT_GEOMETRIE,ERREUR_UNITES,correlation triviale (statut JSON non-OK => CONTRAT_LOADER_STATUT_NON_OK bloquant gate)
20-54,non,,SUSPECT_GEOMETRIE,ERREUR_SELECTION,correlation triviale (statut JSON non-OK => CONTRAT_LOADER_STATUT_NON_OK bloquant gate)
D106,oui,D106.stp,SUSPECT_GEOMETRIE,OK,JSON=OK mais gate=SUSPECT : DEBORD_PLAN_PLAFOND (ecart=64.710mm)
D110,oui,D110.stp,SUSPECT_GEOMETRIE,OK,JSON=OK mais gate=SUSPECT : DEBORD_PLAN_PLAFOND (ecart=42.009mm)
D114,oui,D114.stp,OK,OK,
D114M,oui,D114M.stp,OK,OK,
D116,oui,D116.stp,OK,OK,
D117,oui,D117.stp,OK,OK,
D505,oui,D505-sansmotif.stp,OK,OK,
D515,oui,D515.stp,OK,OK,
D520,oui,D520.stp,OK,OK,
D545,oui,D545.stp,OK,OK,
D550,oui,D550 sans motif.stp,OK,OK,
D555,oui,D555.stp,SUSPECT_GEOMETRIE,OK,JSON=OK mais gate=SUSPECT : DEBORD_PLAN_PLAFOND (ecart=5.278mm)
D560,oui,D560.stp,SUSPECT_GEOMETRIE,OK,JSON=OK mais gate=SUSPECT : DEBORD_PLAN_MUR (ecart=27.972mm); DEBORD_PLAN_PLAFOND (ecart=65.416mm)
D561,oui,D561.stp,SUSPECT_GEOMETRIE,OK,JSON=OK mais gate=SUSPECT : DEBORD_PLAN_MUR (ecart=17.555mm)
D562,oui,D562.stp,OK,OK,
D564,oui,D564.stp,SUSPECT_GEOMETRIE,OK,JSON=OK mais gate=SUSPECT : CONTRAT_LOADER_PLAFOND_VIDE; DEBORD_PLAN_MUR (ecart=41.139mm)
D565,oui,D565.stp,SUSPECT_GEOMETRIE,OK,JSON=OK mais gate=SUSPECT : CONTRAT_LOADER_PLAFOND_VIDE
D569,oui,D569.stp,OK,OK,
D576,oui,D576.stp,SUSPECT_GEOMETRIE,OK,JSON=OK mais gate=SUSPECT : DEBORD_PLAN_MUR (ecart=24.405mm)
D577,oui,D577.stp,OK,OK,
D578,oui,D578.stp,SUSPECT_GEOMETRIE,OK,JSON=OK mais gate=SUSPECT : CONTRAT_LOADER_PLAFOND_VIDE; DEBORD_PLAN_MUR (ecart=26.040mm)
D604,oui,D604.stp,SUSPECT_GEOMETRIE,OK,JSON=OK mais gate=SUSPECT : DEBORD_PLAN_MUR (ecart=14.481mm)
D607,oui,D607.stp,OK,OK,
D608,oui,D608.stp,SUSPECT_GEOMETRIE,OK,JSON=OK mais gate=SUSPECT : CONTRAT_LOADER_PLAFOND_VIDE; DEBORD_PLAN_MUR (ecart=20.661mm)
D609,oui,D609.stp,OK,OK,
D610,oui,D610.stp,OK,OK,
D612,oui,D612.stp,OK,OK,
D614,oui,D614.stp,SUSPECT_GEOMETRIE,OK,JSON=OK mais gate=SUSPECT : DEBORD_PLAN_MUR (ecart=9.526mm)
D616,oui,D616.stp,OK,OK,
D617,oui,D617.stp,OK,OK,
D620,oui,D620.stp,OK,OK,
D621,oui,D621.stp,SUSPECT_GEOMETRIE,OK,JSON=OK mais gate=SUSPECT : CONTRAT_LOADER_MUR_VIDE
D622,oui,D622.stp,SUSPECT_GEOMETRIE,OK,JSON=OK mais gate=SUSPECT : DEBORD_PLAN_MUR (ecart=5.452mm)
D626,oui,D626.stp,OK,OK,
D628,oui,D628.stp,SUSPECT_GEOMETRIE,OK,JSON=OK mais gate=SUSPECT : DEBORD_PLAN_PLAFOND (ecart=28.725mm)
D630,oui,D630.stp,OK,OK,
D631,oui,D631.stp,OK,OK,
D633,oui,D633.stp,OK,OK,
D650,oui,D650.stp,SUSPECT_GEOMETRIE,OK,JSON=OK mais gate=SUSPECT : DEBORD_PLAN_PLAFOND (ecart=23.279mm)
D651,oui,D651.stp,SUSPECT_GEOMETRIE,OK,JSON=OK mais gate=SUSPECT : CONTRAT_LOADER_MUR_VIDE
D652,oui,D652.stp,SUSPECT_GEOMETRIE,OK,JSON=OK mais gate=SUSPECT : DEBORD_PLAN_MUR (ecart=7.204mm); DEBORD_PLAN_PLAFOND (ecart=2.875mm)
D653,oui,D653.stp,OK,OK,
D703,oui,D703.stp,SUSPECT_GEOMETRIE,OK,JSON=OK mais gate=SUSPECT : DEBORD_PLAN_MUR (ecart=12.672mm)
D704,oui,D704.stp,OK,OK,
D705,oui,D705.stp,OK,OK,
D706,oui,D706.stp,OK,OK,
D708,oui,D708.stp,OK,OK,
D709,oui,D709.stp,OK,OK,
D710,oui,D710.stp,OK,OK,
D712,oui,D712 sans motif.stp,SUSPECT_GEOMETRIE,OK,JSON=OK mais gate=SUSPECT : DEBORD_PLAN_MUR (ecart=23.515mm)
D715,oui,D715.stp,OK,OK,
D717,oui,D717.stp,SUSPECT_GEOMETRIE,OK,JSON=OK mais gate=SUSPECT : DEBORD_PLAN_PLAFOND (ecart=34.157mm)
D718,oui,D718.stp,OK,OK,
D720,oui,D720.stp,OK,OK,
D748,oui,D748.stp,OK,OK,
D801,oui,D801.stp,OK,OK,
D814,oui,D814.stp,SUSPECT_GEOMETRIE,OK,JSON=OK mais gate=SUSPECT : CONTRAT_LOADER_PLAFOND_VIDE; DEBORD_PLAN_MUR (ecart=24.771mm)
D815,oui,D815.stp,OK,OK,
D830,oui,D830.stp,OK,OK,
D835,oui,D835.stp,SUSPECT_GEOMETRIE,OK,JSON=OK mais gate=SUSPECT : DEBORD_PLAN_MUR (ecart=39.865mm)
D840,oui,D840.stp,OK,OK,
D886,oui,D886.stp,OK,OK,
D888,oui,D888.stp,SUSPECT_GEOMETRIE,OK,JSON=OK mais gate=SUSPECT : DEBORD_PLAN_MUR (ecart=4.344mm)
D891,oui,D891.stp,OK,OK,
D896,oui,D896.stp,SUSPECT_GEOMETRIE,OK,JSON=OK mais gate=SUSPECT : DEBORD_PLAN_MUR (ecart=40.882mm)
D898,oui,D898.stp,SUSPECT_GEOMETRIE,OK,JSON=OK mais gate=SUSPECT : DEBORD_PLAN_PLAFOND (ecart=1.940mm)
D901,oui,D901.stp,OK,OK,
PLIN10,oui,PLIN10.stp,SUSPECT_GEOMETRIE,OK,JSON=OK mais gate=SUSPECT : CONTRAT_LOADER_MUR_VIDE
PLIN12,oui,PLIN12.stp,SUSPECT_GEOMETRIE,OK,JSON=OK mais gate=SUSPECT : CONTRAT_LOADER_MUR_VIDE; CONTRAT_LOADER_PLAFOND_VIDE
PLIN15,oui,PLIN15.stp,SUSPECT_GEOMETRIE,OK,JSON=OK mais gate=SUSPECT : CONTRAT_LOADER_MUR_VIDE
PLIN20,oui,PLIN20.stp,SUSPECT_GEOMETRIE,OK,JSON=OK mais gate=SUSPECT : CONTRAT_LOADER_MUR_VIDE
TAL26,oui,TAL26 plan.step,OK,OK,
