ref,famille,sfam,type,a_dxf,a_step,a_stl,format_exploitable
D520,Corniches,Classiques,T1_PROFIL_EXTRUDE,False,True,True,True
D545,Corniches,Classiques,T1_PROFIL_EXTRUDE,False,True,True,True
D560,Corniches,Classiques,T1_PROFIL_EXTRUDE,False,True,True,True
D570,Corniches,Classiques,T1_PROFIL_EXTRUDE,False,False,True,True
D574,Corniches,Classiques,T1_PROFIL_EXTRUDE,False,True,True,True
D601,Corniches,Classiques,T1_PROFIL_EXTRUDE,False,True,True,True
D604,Corniches,Classiques,T1_PROFIL_EXTRUDE,False,True,True,True
D605,Corniches,Classiques,T1_PROFIL_EXTRUDE,False,False,True,True
D606,Corniches,Classiques,T1_PROFIL_EXTRUDE,False,True,True,True
D607,Corniches,Classiques,T1_PROFIL_EXTRUDE,False,True,True,True
D608,Corniches,Classiques,T1_PROFIL_EXTRUDE,False,True,True,True
D609,Corniches,Classiques,T1_PROFIL_EXTRUDE,False,True,True,True
D610,Corniches,Classiques,T1_PROFIL_EXTRUDE,False,True,True,True
D611,Corniches,Classiques,T1_PROFIL_EXTRUDE,False,True,True,True
D612,Corniches,Classiques,T1_PROFIL_EXTRUDE,False,True,True,True
D614,Corniches,Classiques,T1_PROFIL_EXTRUDE,False,True,True,True
D616,Corniches,Classiques,T1_PROFIL_EXTRUDE,False,True,True,True
D618,Corniches,Classiques,T1_PROFIL_EXTRUDE,False,False,True,True
D622,Corniches,Classiques,T1_PROFIL_EXTRUDE,False,True,True,True
D624,Corniches,Classiques,T1_PROFIL_EXTRUDE,True,True,True,True
D625,Corniches,Classiques,T1_PROFIL_EXTRUDE,False,True,True,True
D626,Corniches,Classiques,T1_PROFIL_EXTRUDE,False,True,True,True
D627,Corniches,Classiques,T1_PROFIL_EXTRUDE,False,False,True,True
D630,Corniches,Classiques,T1_PROFIL_EXTRUDE,False,True,True,True
D650,Corniches,Classiques,T1_PROFIL_EXTRUDE,False,True,True,True
D650L,Corniches,Classiques,T1_PROFIL_EXTRUDE,False,False,True,True
D651,Corniches,Classiques,T1_PROFIL_EXTRUDE,False,True,True,True
D652,Corniches,Classiques,T1_PROFIL_EXTRUDE,False,True,True,True
D653,Corniches,Classiques,T1_PROFIL_EXTRUDE,False,True,True,True
D654,Corniches,Classiques,T1_PROFIL_EXTRUDE,False,False,True,True
D655,Corniches,Classiques,T1_PROFIL_EXTRUDE,False,False,True,True
D656,Corniches,Classiques,T1_PROFIL_EXTRUDE,False,True,True,True
D657,Corniches,Classiques,T1_PROFIL_EXTRUDE,False,True,True,True
D658,Corniches,Classiques,T1_PROFIL_EXTRUDE,False,False,True,True
D702,Corniches,Classiques,T1_PROFIL_EXTRUDE,False,True,True,True
D703,Corniches,Classiques,T1_PROFIL_EXTRUDE,False,True,True,True
D704,Corniches,Classiques,T1_PROFIL_EXTRUDE,False,True,True,True
D707,Corniches,Classiques,T1_PROFIL_EXTRUDE,False,True,True,True
D713,Corniches,Classiques,T1_PROFIL_EXTRUDE,False,True,True,True
D717,Corniches,Classiques,T1_PROFIL_EXTRUDE,False,True,True,True
D801,Corniches,Classiques,T1_PROFIL_EXTRUDE,False,True,True,True
D802,Corniches,Classiques,T1_PROFIL_EXTRUDE,False,True,True,True
D820,Corniches,Classiques,T1_PROFIL_EXTRUDE,False,True,True,True
D830,Corniches,Classiques,T1_PROFIL_EXTRUDE,False,True,True,True
D880,Corniches,Classiques,T1_PROFIL_EXTRUDE,False,True,True,True
D880A,Corniches,Classiques,T1_PROFIL_EXTRUDE,False,False,True,True
D886,Corniches,Classiques,T1_PROFIL_EXTRUDE,False,True,True,True
D888,Corniches,Classiques,T1_PROFIL_EXTRUDE,False,True,True,True
D892,Corniches,Classiques,T1_PROFIL_EXTRUDE,False,True,False,True
D896,Corniches,Classiques,T1_PROFIL_EXTRUDE,False,True,True,True
D106,Corniches,Contemporaines,T1_PROFIL_EXTRUDE,False,True,True,True
D118,Corniches,Contemporaines,T1_PROFIL_EXTRUDE,False,True,True,True
D555,Corniches,Contemporaines,T1_PROFIL_EXTRUDE,False,False,True,True
D556,Corniches,Contemporaines,T1_PROFIL_EXTRUDE,False,False,True,True
D561,Corniches,Contemporaines,T1_PROFIL_EXTRUDE,False,True,True,True
D562,Corniches,Contemporaines,T1_PROFIL_EXTRUDE,False,True,True,True
D563,Corniches,Contemporaines,T1_PROFIL_EXTRUDE,False,True,True,True
D564,Corniches,Contemporaines,T1_PROFIL_EXTRUDE,False,True,True,True
D565,Corniches,Contemporaines,T1_PROFIL_EXTRUDE,False,True,True,True
D567,Corniches,Contemporaines,T1_PROFIL_EXTRUDE,False,True,True,True
D568,Corniches,Contemporaines,T1_PROFIL_EXTRUDE,False,True,True,True
D572,Corniches,Contemporaines,T1_PROFIL_EXTRUDE,False,False,True,True
D573,Corniches,Contemporaines,T1_PROFIL_EXTRUDE,False,False,True,True
D575,Corniches,Contemporaines,T1_PROFIL_EXTRUDE,False,True,True,True
D576,Corniches,Contemporaines,T1_PROFIL_EXTRUDE,False,True,True,True
D577,Corniches,Contemporaines,T1_PROFIL_EXTRUDE,False,True,True,True
D578,Corniches,Contemporaines,T1_PROFIL_EXTRUDE,False,True,True,True
D579,Corniches,Contemporaines,T1_PROFIL_EXTRUDE,False,True,True,True
D580,Corniches,Contemporaines,T1_PROFIL_EXTRUDE,False,True,True,True
D620,Corniches,Contemporaines,T1_PROFIL_EXTRUDE,False,True,True,True
D621,Corniches,Contemporaines,T1_PROFIL_EXTRUDE,False,True,True,True
D631,Corniches,Contemporaines,T1_PROFIL_EXTRUDE,False,True,True,True
D632,Corniches,Contemporaines,T1_PROFIL_EXTRUDE,False,True,True,True
D633,Corniches,Contemporaines,T1_PROFIL_EXTRUDE,False,True,True,True
D705,Corniches,Contemporaines,T1_PROFIL_EXTRUDE,False,True,True,True
D706,Corniches,Contemporaines,T1_PROFIL_EXTRUDE,False,True,True,True
D718,Corniches,Contemporaines,T1_PROFIL_EXTRUDE,False,True,True,True
D720,Corniches,Contemporaines,T1_PROFIL_EXTRUDE,False,True,True,True
D751,Corniches,Contemporaines,T1_PROFIL_EXTRUDE,False,False,True,True
D752,Corniches,Contemporaines,T1_PROFIL_EXTRUDE,False,False,True,True
D753,Corniches,Contemporaines,T1_PROFIL_EXTRUDE,False,False,True,True
D754,Corniches,Contemporaines,T1_PROFIL_EXTRUDE,False,False,True,True
D891,Corniches,Contemporaines,T1_PROFIL_EXTRUDE,False,True,False,True
D900,Corniches,Contemporaines,T1_PROFIL_EXTRUDE,False,False,True,True
D901,Corniches,Contemporaines,T1_PROFIL_EXTRUDE,False,False,True,True
SDPA1,Corniches,Contemporaines,T1_PROFIL_EXTRUDE,False,False,False,False
SDPA2,Corniches,Contemporaines,T1_PROFIL_EXTRUDE,False,False,True,True
SDPA3,Corniches,Contemporaines,T1_PROFIL_EXTRUDE,False,False,False,False
SDPA4,Corniches,Contemporaines,T1_PROFIL_EXTRUDE,False,False,False,False
US0740,Corniches,Stratistaff,T1_PROFIL_EXTRUDE,False,True,False,True
US1040,Corniches,Stratistaff,T1_PROFIL_EXTRUDE,False,True,False,True
D100,Corniches,LED,T1_PROFIL_EXTRUDE,False,False,True,True
D101,Corniches,LED,T1_PROFIL_EXTRUDE,False,True,True,True
D102,Corniches,LED,T1_PROFIL_EXTRUDE,False,True,True,True
D103,Corniches,LED,T1_PROFIL_EXTRUDE,False,True,True,True
D104,Corniches,LED,T1_PROFIL_EXTRUDE,False,True,True,True
D107,Corniches,LED,T1_PROFIL_EXTRUDE,False,True,True,True
D108,Corniches,LED,T1_PROFIL_EXTRUDE,False,True,True,True
D109,Corniches,LED,T1_PROFIL_EXTRUDE,False,False,True,True
D110,Corniches,LED,T1_PROFIL_EXTRUDE,False,True,True,True
D113,Corniches,LED,T1_PROFIL_EXTRUDE,False,True,True,True
D113M,Corniches,LED,T1_PROFIL_EXTRUDE,False,True,True,True
D114,Corniches,LED,T1_PROFIL_EXTRUDE,False,True,True,True
D114M,Corniches,LED,T1_PROFIL_EXTRUDE,False,True,True,True
D116,Corniches,LED,T1_PROFIL_EXTRUDE,False,True,True,True
D117,Corniches,LED,T1_PROFIL_EXTRUDE,False,True,True,True
D121,Corniches,LED,T1_PROFIL_EXTRUDE,False,False,True,True
D122,Corniches,LED,T1_PROFIL_EXTRUDE,False,False,True,True
D123,Corniches,LED,T1_PROFIL_EXTRUDE,False,False,True,True
D124,Corniches,LED,T1_PROFIL_EXTRUDE,False,False,True,True
D125,Corniches,LED,T1_PROFIL_EXTRUDE,False,False,True,True
D708,Corniches,LED,T1_PROFIL_EXTRUDE,False,True,True,True
D709,Corniches,LED,T1_PROFIL_EXTRUDE,False,True,True,True
D710,Corniches,LED,T1_PROFIL_EXTRUDE,False,True,True,True
D748,Corniches,LED,T1_PROFIL_EXTRUDE,False,True,True,True
D749,Corniches,LED,T1_PROFIL_EXTRUDE,False,True,True,True
EBP0430,Corniches,LED,T1_PROFIL_EXTRUDE,False,False,True,True
1102,Moulures,Moulures,T1_PROFIL_EXTRUDE,False,True,True,True
1103,Moulures,Moulures,T1_PROFIL_EXTRUDE,False,True,True,True
1104,Moulures,Moulures,T1_PROFIL_EXTRUDE,False,False,True,True
1105,Moulures,Moulures,T1_PROFIL_EXTRUDE,False,False,True,True
1106,Moulures,Moulures,T1_PROFIL_EXTRUDE,False,False,False,False
1107,Moulures,Moulures,T1_PROFIL_EXTRUDE,False,True,True,True
1112,Moulures,Moulures,T1_PROFIL_EXTRUDE,False,False,True,True
1115P,Moulures,Moulures,T1_PROFIL_EXTRUDE,False,False,False,False
1120,Moulures,Moulures,T1_PROFIL_EXTRUDE,False,True,True,True
1121,Moulures,Moulures,T1_PROFIL_EXTRUDE,False,True,True,True
1124,Moulures,Moulures,T1_PROFIL_EXTRUDE,False,True,True,True
1125,Moulures,Moulures,T1_PROFIL_EXTRUDE,False,True,True,True
1130,Moulures,Moulures,T1_PROFIL_EXTRUDE,False,True,True,True
1131,Moulures,Moulures,T1_PROFIL_EXTRUDE,False,False,False,False
1132,Moulures,Moulures,T1_PROFIL_EXTRUDE,False,False,True,True
1140C,Moulures,Moulures,T1_PROFIL_EXTRUDE,True,True,False,True
1145C,Moulures,Moulures,T1_PROFIL_EXTRUDE,True,False,False,True
1150,Moulures,Moulures,T1_PROFIL_EXTRUDE,False,False,False,False
1151,Moulures,Moulures,T1_PROFIL_EXTRUDE,False,False,True,True
1155,Moulures,Moulures,T1_PROFIL_EXTRUDE,False,True,True,True
1156,Moulures,Moulures,T1_PROFIL_EXTRUDE,False,True,True,True
1165,Moulures,Moulures,T1_PROFIL_EXTRUDE,False,False,True,True
1166,Moulures,Moulures,T1_PROFIL_EXTRUDE,False,True,True,True
1200,Moulures,Moulures,T1_PROFIL_EXTRUDE,False,True,True,True
1201,Moulures,Moulures,T1_PROFIL_EXTRUDE,False,True,True,True
1202,Moulures,Moulures,T1_PROFIL_EXTRUDE,False,False,True,True
1204,Moulures,Moulures,T1_PROFIL_EXTRUDE,False,False,True,True
1206,Moulures,Moulures,T1_PROFIL_EXTRUDE,False,True,True,True
1207,Moulures,Moulures,T1_PROFIL_EXTRUDE,False,True,True,True
1208,Moulures,Moulures,T1_PROFIL_EXTRUDE,False,False,True,True
1209,Moulures,Moulures,T1_PROFIL_EXTRUDE,False,True,True,True
1210,Moulures,Moulures,T1_PROFIL_EXTRUDE,False,True,True,True
1211,Moulures,Moulures,T1_PROFIL_EXTRUDE,False,False,False,False
1212,Moulures,Moulures,T1_PROFIL_EXTRUDE,False,False,False,False
1214,Moulures,Moulures,T1_PROFIL_EXTRUDE,False,False,False,False
1215,Moulures,Moulures,T1_PROFIL_EXTRUDE,False,False,False,False
1216,Moulures,Moulures,T1_PROFIL_EXTRUDE,False,False,False,False
1220,Moulures,Moulures,T1_PROFIL_EXTRUDE,False,True,True,True
1221,Moulures,Moulures,T1_PROFIL_EXTRUDE,False,True,True,True
1301,Moulures,Moulures,T1_PROFIL_EXTRUDE,False,False,True,True
1304,Moulures,Moulures,T1_PROFIL_EXTRUDE,False,False,True,True
1310,Moulures,Moulures,T1_PROFIL_EXTRUDE,False,False,True,True
1318,Moulures,Moulures,T1_PROFIL_EXTRUDE,False,False,False,False
1319,Moulures,Moulures,T1_PROFIL_EXTRUDE,False,False,False,False
1321,Moulures,Moulures,T1_PROFIL_EXTRUDE,False,False,True,True
1323,Moulures,Moulures,T1_PROFIL_EXTRUDE,False,False,True,True
1324,Moulures,Moulures,T1_PROFIL_EXTRUDE,False,True,True,True
1325,Moulures,Moulures,T1_PROFIL_EXTRUDE,False,False,True,True
1326,Moulures,Moulures,T1_PROFIL_EXTRUDE,False,False,False,False
1327,Moulures,Moulures,T1_PROFIL_EXTRUDE,False,False,False,False
1340,Moulures,Moulures,T1_PROFIL_EXTRUDE,False,False,False,False
1341,Moulures,Moulures,T1_PROFIL_EXTRUDE,False,False,True,True
1343,Moulures,Moulures,T1_PROFIL_EXTRUDE,False,True,True,True
1344,Moulures,Moulures,T1_PROFIL_EXTRUDE,False,True,True,True
1345,Moulures,Moulures,T1_PROFIL_EXTRUDE,False,True,True,True
1346,Moulures,Moulures,T1_PROFIL_EXTRUDE,False,False,False,False
1348,Moulures,Moulures,T1_PROFIL_EXTRUDE,False,False,True,True
1350,Moulures,Moulures,T1_PROFIL_EXTRUDE,False,False,False,False
1361,Moulures,Moulures,T1_PROFIL_EXTRUDE,False,False,False,False
1362,Moulures,Moulures,T1_PROFIL_EXTRUDE,False,False,False,False
1363,Moulures,Moulures,T1_PROFIL_EXTRUDE,False,False,False,False
1364,Moulures,Moulures,T1_PROFIL_EXTRUDE,False,True,True,True
1365,Moulures,Moulures,T1_PROFIL_EXTRUDE,False,True,True,True
1366,Moulures,Moulures,T1_PROFIL_EXTRUDE,False,True,True,True
1367,Moulures,Moulures,T1_PROFIL_EXTRUDE,False,True,True,True
1370,Moulures,Moulures,T1_PROFIL_EXTRUDE,False,False,False,False
1380,Moulures,Moulures,T1_PROFIL_EXTRUDE,False,False,True,True
1381,Moulures,Moulures,T1_PROFIL_EXTRUDE,False,False,False,False
1382,Moulures,Moulures,T1_PROFIL_EXTRUDE,False,False,False,False
1383,Moulures,Moulures,T1_PROFIL_EXTRUDE,False,False,False,False
1384,Moulures,Moulures,T1_PROFIL_EXTRUDE,False,False,False,False
1385,Moulures,Moulures,T1_PROFIL_EXTRUDE,False,False,False,False
9302,Moulures,Moulures,T1_PROFIL_EXTRUDE,False,False,False,False
9304,Moulures,Moulures,T1_PROFIL_EXTRUDE,False,True,False,True
9315C,Moulures,Moulures,T1_PROFIL_EXTRUDE,True,False,False,True
SDC1,Moulures,Moulures,T1_PROFIL_EXTRUDE,True,True,False,True
SDC2,Moulures,Moulures,T1_PROFIL_EXTRUDE,True,True,False,True
1101BH,Moulures,Angles,T1_PROFIL_EXTRUDE,False,True,True,True
1101D,Moulures,Angles,T1_PROFIL_EXTRUDE,False,False,True,True
1101E,Moulures,Angles,T1_PROFIL_EXTRUDE,False,False,True,True
1101H,Moulures,Angles,T1_PROFIL_EXTRUDE,False,False,True,True
1102BH,Moulures,Angles,T1_PROFIL_EXTRUDE,False,True,False,True
1103BH,Moulures,Angles,T1_PROFIL_EXTRUDE,False,True,False,True
1103H,Moulures,Angles,T1_PROFIL_EXTRUDE,False,False,True,True
1104B,Moulures,Angles,T1_PROFIL_EXTRUDE,False,False,True,True
1107E,Moulures,Angles,T1_PROFIL_EXTRUDE,False,False,False,False
1107P,Moulures,Angles,T1_PROFIL_EXTRUDE,False,False,True,True
1200BH,Moulures,Angles,T1_PROFIL_EXTRUDE,False,True,False,True
1202BH,Moulures,Angles,T1_PROFIL_EXTRUDE,False,True,False,True
1204BH,Moulures,Angles,T1_PROFIL_EXTRUDE,False,False,True,True
1204H,Moulures,Angles,T1_PROFIL_EXTRUDE,False,False,True,True
1206R,Moulures,Angles,T1_PROFIL_EXTRUDE,False,True,False,True
1206S,Moulures,Angles,T1_PROFIL_EXTRUDE,False,True,False,True
1207BH,Moulures,Angles,T1_PROFIL_EXTRUDE,False,True,False,True
1207E,Moulures,Angles,T1_PROFIL_EXTRUDE,False,False,False,False
1210BH,Moulures,Angles,T1_PROFIL_EXTRUDE,False,True,False,True
BP10,Moulures,Plate-bandes,T1_PROFIL_EXTRUDE,False,False,False,False
BP20,Moulures,Plate-bandes,T1_PROFIL_EXTRUDE,False,False,False,False
BP30,Moulures,Plate-bandes,T1_PROFIL_EXTRUDE,False,False,False,False
D505,Corniches,Ornementées,T1_PROFIL_EXTRUDE,False,False,True,True
D510,Corniches,Ornementées,T1_PROFIL_EXTRUDE,False,True,True,True
D513,Corniches,Ornementées,T1_PROFIL_EXTRUDE,False,False,True,True
D515,Corniches,Ornementées,T1_PROFIL_EXTRUDE,False,True,True,True
D525,Corniches,Ornementées,T1_PROFIL_EXTRUDE,False,False,True,True
D530,Corniches,Ornementées,T1_PROFIL_EXTRUDE,False,False,True,True
D535,Corniches,Ornementées,T1_PROFIL_EXTRUDE,False,False,True,True
D540,Corniches,Ornementées,T1_PROFIL_EXTRUDE,False,False,True,True
D550,Corniches,Ornementées,T1_PROFIL_EXTRUDE,False,True,True,True
D566,Corniches,Ornementées,T1_PROFIL_EXTRUDE,False,False,True,True
D569,Corniches,Ornementées,T1_PROFIL_EXTRUDE,False,True,True,True
D613,Corniches,Ornementées,T1_PROFIL_EXTRUDE,False,False,True,True
D615,Corniches,Ornementées,T1_PROFIL_EXTRUDE,False,True,True,True
D616A,Corniches,Ornementées,T1_PROFIL_EXTRUDE,False,False,True,True
D616B,Corniches,Ornementées,T1_PROFIL_EXTRUDE,False,False,True,True
D617,Corniches,Ornementées,T1_PROFIL_EXTRUDE,False,True,True,True
D628,Corniches,Ornementées,T1_PROFIL_EXTRUDE,False,True,True,True
D629,Corniches,Ornementées,T1_PROFIL_EXTRUDE,False,True,True,True
D650A,Corniches,Ornementées,T1_PROFIL_EXTRUDE,False,False,True,True
D650B,Corniches,Ornementées,T1_PROFIL_EXTRUDE,False,False,True,True
D652A,Corniches,Ornementées,T1_PROFIL_EXTRUDE,False,False,True,True
D652B,Corniches,Ornementées,T1_PROFIL_EXTRUDE,False,False,True,True
D711,Corniches,Ornementées,T1_PROFIL_EXTRUDE,False,False,True,True
D712,Corniches,Ornementées,T1_PROFIL_EXTRUDE,False,True,True,True
D715,Corniches,Ornementées,T1_PROFIL_EXTRUDE,False,True,True,True
D716,Corniches,Ornementées,T1_PROFIL_EXTRUDE,False,False,True,True
D810,Corniches,Ornementées,T1_PROFIL_EXTRUDE,False,False,True,True
D812,Corniches,Ornementées,T1_PROFIL_EXTRUDE,False,False,True,True
D813,Corniches,Ornementées,T1_PROFIL_EXTRUDE,False,False,True,True
D814,Corniches,Ornementées,T1_PROFIL_EXTRUDE,False,True,True,True
D815,Corniches,Ornementées,T1_PROFIL_EXTRUDE,False,True,True,True
D818,Corniches,Ornementées,T1_PROFIL_EXTRUDE,False,False,True,True
D835,Corniches,Ornementées,T1_PROFIL_EXTRUDE,False,False,True,True
D840,Corniches,Ornementées,T1_PROFIL_EXTRUDE,False,True,True,True
D843,Corniches,Ornementées,T1_PROFIL_EXTRUDE,False,False,True,True
D844,Corniches,Ornementées,T1_PROFIL_EXTRUDE,False,False,True,True
D845,Corniches,Ornementées,T1_PROFIL_EXTRUDE,False,True,True,True
D846,Corniches,Ornementées,T1_PROFIL_EXTRUDE,False,False,True,True
D878,Corniches,Ornementées,T1_PROFIL_EXTRUDE,False,False,True,True
D879,Corniches,Ornementées,T1_PROFIL_EXTRUDE,False,False,True,True
D879A,Corniches,Ornementées,T1_PROFIL_EXTRUDE,False,False,False,False
D879B1,Corniches,Ornementées,T1_PROFIL_EXTRUDE,False,False,False,False
D879B2,Corniches,Ornementées,T1_PROFIL_EXTRUDE,False,False,False,False
D879B3,Corniches,Ornementées,T1_PROFIL_EXTRUDE,False,False,False,False
D879C,Corniches,Ornementées,T1_PROFIL_EXTRUDE,False,False,False,False
D880B,Corniches,Ornementées,T1_PROFIL_EXTRUDE,False,False,True,True
D881,Corniches,Ornementées,T1_PROFIL_EXTRUDE,False,False,True,True
D881B,Corniches,Ornementées,T1_PROFIL_EXTRUDE,False,False,True,True
D882,Corniches,Ornementées,T1_PROFIL_EXTRUDE,False,False,True,True
D882B,Corniches,Ornementées,T1_PROFIL_EXTRUDE,False,False,False,False
D883,Corniches,Ornementées,T1_PROFIL_EXTRUDE,False,False,False,False
D884,Corniches,Ornementées,T1_PROFIL_EXTRUDE,False,False,False,False
D885,Corniches,Ornementées,T1_PROFIL_EXTRUDE,False,False,False,False
D887,Corniches,Ornementées,T1_PROFIL_EXTRUDE,False,False,True,True
D889,Corniches,Ornementées,T1_PROFIL_EXTRUDE,False,False,True,True
D890,Corniches,Ornementées,T1_PROFIL_EXTRUDE,False,False,False,False
D893,Corniches,Ornementées,T1_PROFIL_EXTRUDE,False,False,False,False
D894,Corniches,Ornementées,T1_PROFIL_EXTRUDE,False,True,False,True
D895,Corniches,Ornementées,T1_PROFIL_EXTRUDE,False,False,False,False
D897,Corniches,Ornementées,T1_PROFIL_EXTRUDE,False,False,True,True
D898,Corniches,Ornementées,T1_PROFIL_EXTRUDE,False,True,True,True
D899,Corniches,Ornementées,T1_PROFIL_EXTRUDE,False,False,True,True
D903,Corniches,Ornementées,T1_PROFIL_EXTRUDE,False,False,True,True
R561,Corniches,Ornementées,T1_PROFIL_EXTRUDE,False,False,False,False
S562,Corniches,Ornementées,T1_PROFIL_EXTRUDE,False,False,False,False
1101C,Moulures,Cimaises,T1_PROFIL_EXTRUDE,False,False,True,True
1103C,Moulures,Cimaises,T1_PROFIL_EXTRUDE,False,False,False,False
1141C,Moulures,Cimaises,T1_PROFIL_EXTRUDE,True,True,False,True
7070,Parements,Contemporains,T2_RELIEF_PLANAIRE,False,True,True,True
7071,Parements,Contemporains,T2_RELIEF_PLANAIRE,True,True,True,True
7072,Parements,Contemporains,T2_RELIEF_PLANAIRE,True,True,True,True
7073,Parements,Contemporains,T2_RELIEF_PLANAIRE,True,True,True,True
7074,Parements,Contemporains,T2_RELIEF_PLANAIRE,True,True,True,True
7075,Parements,Contemporains,T2_RELIEF_PLANAIRE,True,True,True,True
7078,Parements,Contemporains,T2_RELIEF_PLANAIRE,True,True,True,True
7079,Parements,Contemporains,T2_RELIEF_PLANAIRE,True,True,False,True
SD7045,Parements,Contemporains,T2_RELIEF_PLANAIRE,False,False,False,False
SD7046,Parements,Contemporains,T2_RELIEF_PLANAIRE,False,False,False,False
SD7055,Parements,Contemporains,T2_RELIEF_PLANAIRE,False,False,False,False
7036,Parements,Modernes,T2_RELIEF_PLANAIRE,True,True,True,True
7036PLIN,Parements,Modernes,T2_RELIEF_PLANAIRE,True,True,True,True
7036U,Parements,Modernes,T2_RELIEF_PLANAIRE,True,True,True,True
7080,Parements,Modernes,T2_RELIEF_PLANAIRE,False,True,False,True
CL30,Parements,Modernes,T2_RELIEF_PLANAIRE,False,True,False,True
CL32,Parements,Modernes,T2_RELIEF_PLANAIRE,False,False,False,False
CL33,Parements,Modernes,T2_RELIEF_PLANAIRE,False,False,False,False
CL34,Parements,Modernes,T2_RELIEF_PLANAIRE,False,False,False,False
CL35,Parements,Modernes,T2_RELIEF_PLANAIRE,True,False,False,True
CL36,Parements,Modernes,T2_RELIEF_PLANAIRE,True,False,False,True
7038,Parements,Briques,T2_RELIEF_PLANAIRE,True,False,False,True
7040,Parements,Briques,T2_RELIEF_PLANAIRE,False,False,False,False
7041,Parements,Briques,T2_RELIEF_PLANAIRE,False,False,False,False
7091,Parements,Gdes dimensions,T2_RELIEF_PLANAIRE,False,False,False,False
CL10,Parements,Gdes dimensions,T2_RELIEF_PLANAIRE,True,False,False,True
CL11,Parements,Gdes dimensions,T2_RELIEF_PLANAIRE,True,False,False,True
CL12,Parements,Gdes dimensions,T2_RELIEF_PLANAIRE,True,True,True,True
CL1213A,Parements,Gdes dimensions,T2_RELIEF_PLANAIRE,False,False,True,True
CL1213B,Parements,Gdes dimensions,T2_RELIEF_PLANAIRE,False,False,True,True
CL1213C,Parements,Gdes dimensions,T2_RELIEF_PLANAIRE,False,False,True,True
CL1213D,Parements,Gdes dimensions,T2_RELIEF_PLANAIRE,False,False,True,True
CL1374,Parements,Gdes dimensions,T2_RELIEF_PLANAIRE,True,False,False,True
CL39,Parements,Gdes dimensions,T2_RELIEF_PLANAIRE,False,True,True,True
1213,Parements,Tuileries,T2_RELIEF_PLANAIRE,False,False,True,True
1213BH,Parements,Tuileries,T2_RELIEF_PLANAIRE,False,False,True,True
1213G,Parements,Tuileries,T2_RELIEF_PLANAIRE,False,False,True,True
1400,Encadrements,Rosaces,T3_SOLIDE_DE_REVOLUTION,False,False,False,False
1401,Encadrements,Rosaces,T3_SOLIDE_DE_REVOLUTION,False,False,False,False
1402,Encadrements,Rosaces,T3_SOLIDE_DE_REVOLUTION,False,False,False,False
1403,Encadrements,Rosaces,T3_SOLIDE_DE_REVOLUTION,False,False,False,False
1404,Encadrements,Rosaces,T3_SOLIDE_DE_REVOLUTION,False,False,False,False
1405,Encadrements,Rosaces,T3_SOLIDE_DE_REVOLUTION,False,False,False,False
1406,Encadrements,Rosaces,T3_SOLIDE_DE_REVOLUTION,False,False,False,False
1407,Encadrements,Rosaces,T3_SOLIDE_DE_REVOLUTION,False,False,False,False
1408,Encadrements,Rosaces,T3_SOLIDE_DE_REVOLUTION,False,False,False,False
1409,Encadrements,Rosaces,T3_SOLIDE_DE_REVOLUTION,False,False,True,True
1410,Encadrements,Rosaces,T3_SOLIDE_DE_REVOLUTION,False,False,False,False
1412,Encadrements,Rosaces,T3_SOLIDE_DE_REVOLUTION,False,False,False,False
1413,Encadrements,Rosaces,T3_SOLIDE_DE_REVOLUTION,False,False,False,False
1414,Encadrements,Rosaces,T3_SOLIDE_DE_REVOLUTION,False,False,False,False
1415,Encadrements,Rosaces,T3_SOLIDE_DE_REVOLUTION,False,False,False,False
1416,Encadrements,Rosaces,T3_SOLIDE_DE_REVOLUTION,False,False,False,False
1417,Encadrements,Rosaces,T3_SOLIDE_DE_REVOLUTION,False,False,False,False
1418,Encadrements,Rosaces,T3_SOLIDE_DE_REVOLUTION,False,False,False,False
1419,Encadrements,Rosaces,T3_SOLIDE_DE_REVOLUTION,False,False,False,False
1420,Encadrements,Rosaces,T3_SOLIDE_DE_REVOLUTION,False,False,False,False
1421,Encadrements,Rosaces,T3_SOLIDE_DE_REVOLUTION,False,False,False,False
1436,Encadrements,Rosaces,T3_SOLIDE_DE_REVOLUTION,False,False,False,False
M039,Encadrements,Rosaces,T3_SOLIDE_DE_REVOLUTION,False,False,False,False
M045,Encadrements,Rosaces,T3_SOLIDE_DE_REVOLUTION,False,False,False,False
M046,Encadrements,Rosaces,T3_SOLIDE_DE_REVOLUTION,False,False,False,False
M048,Encadrements,Rosaces,T3_SOLIDE_DE_REVOLUTION,False,False,True,True
M051,Encadrements,Rosaces,T3_SOLIDE_DE_REVOLUTION,False,False,False,False
M054,Encadrements,Rosaces,T3_SOLIDE_DE_REVOLUTION,False,False,False,False
M055,Encadrements,Rosaces,T3_SOLIDE_DE_REVOLUTION,False,False,False,False
M060,Encadrements,Rosaces,T3_SOLIDE_DE_REVOLUTION,False,False,True,True
M067,Encadrements,Rosaces,T3_SOLIDE_DE_REVOLUTION,False,False,True,True
M068,Encadrements,Rosaces,T3_SOLIDE_DE_REVOLUTION,False,False,False,False
M069,Encadrements,Rosaces,T3_SOLIDE_DE_REVOLUTION,False,False,False,False
M071,Encadrements,Rosaces,T3_SOLIDE_DE_REVOLUTION,False,False,True,True
M202,Encadrements,Rosaces,T3_SOLIDE_DE_REVOLUTION,False,False,True,True
M208,Encadrements,Rosaces,T3_SOLIDE_DE_REVOLUTION,False,False,False,False
M209,Encadrements,Rosaces,T3_SOLIDE_DE_REVOLUTION,False,False,True,True
M210,Encadrements,Rosaces,T3_SOLIDE_DE_REVOLUTION,False,False,False,False
M250,Encadrements,Rosaces,T3_SOLIDE_DE_REVOLUTION,False,False,True,True
M251,Encadrements,Rosaces,T3_SOLIDE_DE_REVOLUTION,True,False,True,True
M252,Encadrements,Rosaces,T3_SOLIDE_DE_REVOLUTION,False,False,True,True
M253,Encadrements,Rosaces,T3_SOLIDE_DE_REVOLUTION,False,False,True,True
M254,Encadrements,Rosaces,T3_SOLIDE_DE_REVOLUTION,False,False,True,True
M255,Encadrements,Rosaces,T3_SOLIDE_DE_REVOLUTION,False,False,False,False
M298,Encadrements,Rosaces,T3_SOLIDE_DE_REVOLUTION,False,False,False,False
M299,Encadrements,Rosaces,T3_SOLIDE_DE_REVOLUTION,False,False,False,False
M302,Encadrements,Rosaces,T3_SOLIDE_DE_REVOLUTION,False,False,True,True
M306,Encadrements,Rosaces,T3_SOLIDE_DE_REVOLUTION,False,False,True,True
M390,Encadrements,Rosaces,T3_SOLIDE_DE_REVOLUTION,False,False,False,False
M400,Encadrements,Rosaces,T3_SOLIDE_DE_REVOLUTION,False,False,True,True
M401,Encadrements,Rosaces,T3_SOLIDE_DE_REVOLUTION,False,False,True,True
M402,Encadrements,Rosaces,T3_SOLIDE_DE_REVOLUTION,False,False,True,True
M403,Encadrements,Rosaces,T3_SOLIDE_DE_REVOLUTION,False,False,True,True
M404,Encadrements,Rosaces,T3_SOLIDE_DE_REVOLUTION,False,False,True,True
M405,Encadrements,Rosaces,T3_SOLIDE_DE_REVOLUTION,False,False,True,True
M406,Encadrements,Rosaces,T3_SOLIDE_DE_REVOLUTION,False,False,False,False
M407,Encadrements,Rosaces,T3_SOLIDE_DE_REVOLUTION,False,False,False,False
M501,Encadrements,Rosaces,T3_SOLIDE_DE_REVOLUTION,False,False,True,True
M502,Encadrements,Rosaces,T3_SOLIDE_DE_REVOLUTION,False,True,True,True
M503,Encadrements,Rosaces,T3_SOLIDE_DE_REVOLUTION,False,False,False,False
M504,Encadrements,Rosaces,T3_SOLIDE_DE_REVOLUTION,False,False,True,True
M604,Encadrements,Rosaces,T3_SOLIDE_DE_REVOLUTION,False,False,True,True
M605,Encadrements,Rosaces,T3_SOLIDE_DE_REVOLUTION,False,False,True,True
PL201,Encadrements,Rectangulaires,T_INCERTAIN,True,False,False,True
PL319,Encadrements,Rectangulaires,T_INCERTAIN,False,True,False,True
PL204,Encadrements,Carrés,T_INCERTAIN,True,False,False,True
M401P,Encadrements,Encastrées,T_INCERTAIN,False,False,True,True
0760,Colonnes,Pilastres,T_INCERTAIN,False,False,False,False
0800,Colonnes,Pilastres,T_INCERTAIN,False,False,False,False
0900,Colonnes,Pilastres,T_INCERTAIN,True,True,False,True
0905,Colonnes,Pilastres,T_INCERTAIN,True,True,False,True
0950,Colonnes,Pilastres,T_INCERTAIN,False,False,False,False
1000,Colonnes,Pilastres,T_INCERTAIN,True,True,False,True
1005,Colonnes,Pilastres,T_INCERTAIN,True,True,False,True
1025,Colonnes,Pilastres,T_INCERTAIN,False,False,False,False
1050,Colonnes,Pilastres,T_INCERTAIN,False,False,False,False
2000,Colonnes,Pilastres,T_INCERTAIN,False,False,False,False
2020,Colonnes,Pilastres,T_INCERTAIN,False,False,False,False
2030,Colonnes,Pilastres,T_INCERTAIN,False,False,False,False
3000,Colonnes,Pilastres,T_INCERTAIN,False,False,False,False
3068,Colonnes,Pilastres,T_INCERTAIN,False,False,False,False
BL120,Profils LED,Insertion,T1_PROFIL_EXTRUDE,True,True,True,True
BL122,Profils LED,Insertion,T1_PROFIL_EXTRUDE,False,True,False,True
BL130,Profils LED,Insertion,T1_PROFIL_EXTRUDE,True,True,True,True
BL131,Profils LED,Insertion,T1_PROFIL_EXTRUDE,False,True,True,True
BL132,Profils LED,Insertion,T1_PROFIL_EXTRUDE,False,True,True,True
BL140,Profils LED,Insertion,T1_PROFIL_EXTRUDE,True,True,True,True
BL160,Profils LED,Insertion,T1_PROFIL_EXTRUDE,True,True,True,True
BL170,Profils LED,Insertion,T1_PROFIL_EXTRUDE,False,True,False,True
BL180,Profils LED,Insertion,T1_PROFIL_EXTRUDE,False,True,False,True
BP30P,Profils LED,Finition,T1_PROFIL_EXTRUDE,True,True,False,True
9021,Lambris,Décaissés,T2_RELIEF_PLANAIRE,False,False,False,False
9201,Lambris,Décaissés,T2_RELIEF_PLANAIRE,False,True,False,True
9202,Lambris,Décaissés,T2_RELIEF_PLANAIRE,True,True,False,True
9203,Lambris,Décaissés,T2_RELIEF_PLANAIRE,True,True,False,True
9204,Lambris,Décaissés,T2_RELIEF_PLANAIRE,True,True,False,True
9205,Lambris,Décaissés,T2_RELIEF_PLANAIRE,True,True,False,True
9206,Lambris,Décaissés,T2_RELIEF_PLANAIRE,True,True,False,True
9211,Lambris,Décaissés,T2_RELIEF_PLANAIRE,True,True,False,True
9212,Lambris,Décaissés,T2_RELIEF_PLANAIRE,True,True,False,True
9213,Lambris,Décaissés,T2_RELIEF_PLANAIRE,True,True,False,True
9214,Lambris,Décaissés,T2_RELIEF_PLANAIRE,True,True,False,True
9215,Lambris,Décaissés,T2_RELIEF_PLANAIRE,True,True,False,True
9216,Lambris,Décaissés,T2_RELIEF_PLANAIRE,True,True,False,True
9221,Lambris,Décaissés,T2_RELIEF_PLANAIRE,False,False,False,False
9222,Lambris,Décaissés,T2_RELIEF_PLANAIRE,False,False,False,False
9223,Lambris,Décaissés,T2_RELIEF_PLANAIRE,False,False,False,False
9224,Lambris,Décaissés,T2_RELIEF_PLANAIRE,False,False,False,False
9225,Lambris,Décaissés,T2_RELIEF_PLANAIRE,False,False,False,False
9226,Lambris,Décaissés,T2_RELIEF_PLANAIRE,False,False,False,False
9227,Lambris,Décaissés,T2_RELIEF_PLANAIRE,False,False,False,False
9228,Lambris,Décaissés,T2_RELIEF_PLANAIRE,False,False,False,False
PLIN08,Plinthes,Plinthes,T1_PROFIL_EXTRUDE,False,True,False,True
PLIN08M,Plinthes,Plinthes,T1_PROFIL_EXTRUDE,False,True,False,True
PLIN10,Plinthes,Plinthes,T1_PROFIL_EXTRUDE,False,True,False,True
PLIN10A,Plinthes,Plinthes,T1_PROFIL_EXTRUDE,False,False,False,False
PLIN10M,Plinthes,Plinthes,T1_PROFIL_EXTRUDE,False,True,False,True
PLIN10MA,Plinthes,Plinthes,T1_PROFIL_EXTRUDE,False,False,False,False
PLIN12,Plinthes,Plinthes,T1_PROFIL_EXTRUDE,False,True,False,True
PLIN12A,Plinthes,Plinthes,T1_PROFIL_EXTRUDE,False,False,False,False
PLIN15,Plinthes,Plinthes,T1_PROFIL_EXTRUDE,False,True,False,True
PLIN15A,Plinthes,Plinthes,T1_PROFIL_EXTRUDE,False,False,False,False
PLIN20,Plinthes,Plinthes,T1_PROFIL_EXTRUDE,False,True,False,True
PLIN21,Plinthes,Plinthes,T1_PROFIL_EXTRUDE,False,False,False,False
PLIN38,Plinthes,Plinthes,T1_PROFIL_EXTRUDE,False,True,False,True
PLINT,Plinthes,Plinthes,T1_PROFIL_EXTRUDE,False,False,False,False
PLINTA,Plinthes,Plinthes,T1_PROFIL_EXTRUDE,False,False,False,False
TAL1343,Plinthes,Plinthes,T1_PROFIL_EXTRUDE,False,False,False,False
TAL20,Plinthes,Plinthes,T1_PROFIL_EXTRUDE,False,False,False,False
TAL26,Plinthes,Plinthes,T1_PROFIL_EXTRUDE,False,True,False,True
TAL41,Plinthes,Plinthes,T1_PROFIL_EXTRUDE,False,True,False,True
TAL44,Plinthes,Plinthes,T1_PROFIL_EXTRUDE,False,False,False,False
TALGM,Plinthes,Plinthes,T1_PROFIL_EXTRUDE,False,False,False,False
1443,Ornements,Ornements,T4_VOLUME_LIBRE,False,False,False,False
3906,Ornements,Ornements,T4_VOLUME_LIBRE,False,False,False,False
4200,Ornements,Ornements,T4_VOLUME_LIBRE,False,False,False,False
4201,Ornements,Ornements,T4_VOLUME_LIBRE,False,False,False,False
