ref,famille,sfam,sku_normalise,dans_suivi,dans_manifest,a_dxf,a_step,a_stl,a_dwg_seul,aucun_format
D520,Corniches,Classiques,D520,True,True,False,True,True,False,False
D545,Corniches,Classiques,D545,True,True,False,True,True,False,False
D560,Corniches,Classiques,D560,True,True,False,True,True,False,False
D570,Corniches,Classiques,D570,True,True,False,False,True,False,False
D574,Corniches,Classiques,D574,True,False,False,True,True,False,False
D601,Corniches,Classiques,D601,True,True,False,True,True,False,False
D604,Corniches,Classiques,D604,True,True,False,True,True,False,False
D605,Corniches,Classiques,D605,True,True,False,False,True,False,False
D606,Corniches,Classiques,D606,True,True,False,True,True,False,False
D607,Corniches,Classiques,D607,True,True,False,True,True,False,False
D608,Corniches,Classiques,D608,True,True,False,True,True,False,False
D609,Corniches,Classiques,D609,True,True,False,True,True,False,False
D610,Corniches,Classiques,D610,True,True,False,True,True,False,False
D611,Corniches,Classiques,D611,True,True,False,True,True,False,False
D612,Corniches,Classiques,D612,True,True,False,True,True,False,False
D614,Corniches,Classiques,D614,True,True,False,True,True,False,False
D616,Corniches,Classiques,D616,True,True,False,True,True,False,False
D618,Corniches,Classiques,D618,True,True,False,False,True,False,False
D622,Corniches,Classiques,D622,True,True,False,True,True,False,False
D624,Corniches,Classiques,D624,True,True,True,True,True,False,False
D625,Corniches,Classiques,D625,True,True,False,True,True,False,False
D626,Corniches,Classiques,D626,True,True,False,True,True,False,False
D627,Corniches,Classiques,D627,True,True,False,False,True,False,False
D630,Corniches,Classiques,D630,True,True,False,True,True,False,False
D650,Corniches,Classiques,D650,True,True,False,True,True,False,False
D650L,Corniches,Classiques,D650L,True,True,False,False,True,False,False
D651,Corniches,Classiques,D651,True,True,False,True,True,False,False
D652,Corniches,Classiques,D652,True,True,False,True,True,False,False
D653,Corniches,Classiques,D653,True,True,False,True,True,False,False
D654,Corniches,Classiques,D654,True,True,False,False,True,False,False
D655,Corniches,Classiques,D655,True,True,False,False,True,False,False
D656,Corniches,Classiques,D656,True,True,False,True,True,False,False
D657,Corniches,Classiques,D657,True,True,False,True,True,False,False
D658,Corniches,Classiques,D658,True,True,False,False,True,False,False
D702,Corniches,Classiques,D702,True,True,False,True,True,False,False
D703,Corniches,Classiques,D703,True,True,False,True,True,False,False
D704,Corniches,Classiques,D704,True,True,False,True,True,False,False
D707,Corniches,Classiques,D707,True,True,False,True,True,False,False
D713,Corniches,Classiques,D713,True,False,False,True,True,False,False
D717,Corniches,Classiques,D717,True,True,False,True,True,False,False
D801,Corniches,Classiques,D801,True,True,False,True,True,False,False
D802,Corniches,Classiques,D802,True,True,False,True,True,False,False
D820,Corniches,Classiques,D820,True,True,False,True,True,False,False
D830,Corniches,Classiques,D830,True,True,False,True,True,False,False
D880,Corniches,Classiques,D880,True,True,False,True,True,False,False
D880A,Corniches,Classiques,D880A,True,False,False,False,True,False,False
D886,Corniches,Classiques,D886,True,True,False,True,True,False,False
D888,Corniches,Classiques,D888,True,True,False,True,True,False,False
D892,Corniches,Classiques,D892,True,True,False,True,False,False,False
D896,Corniches,Classiques,D896,True,True,False,True,True,False,False
D106,Corniches,Contemporaines,D106,True,True,False,True,True,False,False
D118,Corniches,Contemporaines,D118,True,False,False,True,True,False,False
D555,Corniches,Contemporaines,D555,True,True,False,False,True,False,False
D556,Corniches,Contemporaines,D556,True,False,False,False,True,False,False
D561,Corniches,Contemporaines,D561,True,True,False,True,True,False,False
D562,Corniches,Contemporaines,D562,True,True,False,True,True,False,False
D563,Corniches,Contemporaines,D563,True,True,False,True,True,False,False
D564,Corniches,Contemporaines,D564,True,True,False,True,True,False,False
D565,Corniches,Contemporaines,D565,True,True,False,True,True,False,False
D567,Corniches,Contemporaines,D567,True,True,False,True,True,False,False
D568,Corniches,Contemporaines,D568,True,True,False,True,True,False,False
D572,Corniches,Contemporaines,D572,True,True,False,False,True,False,False
D573,Corniches,Contemporaines,D573,True,True,False,False,True,False,False
D575,Corniches,Contemporaines,D575,True,False,False,True,True,False,False
D576,Corniches,Contemporaines,D576,True,True,False,True,True,False,False
D577,Corniches,Contemporaines,D577,True,True,False,True,True,False,False
D578,Corniches,Contemporaines,D578,True,True,False,True,True,False,False
D579,Corniches,Contemporaines,D579,True,True,False,True,True,False,False
D580,Corniches,Contemporaines,D580,True,False,False,True,True,False,False
D620,Corniches,Contemporaines,D620,True,True,False,True,True,False,False
D621,Corniches,Contemporaines,D621,True,True,False,True,True,False,False
D631,Corniches,Contemporaines,D631,True,True,False,True,True,False,False
D632,Corniches,Contemporaines,D632,True,True,False,True,True,False,False
D633,Corniches,Contemporaines,D633,True,True,False,True,True,False,False
D705,Corniches,Contemporaines,D705,True,True,False,True,True,False,False
D706,Corniches,Contemporaines,D706,True,True,False,True,True,False,False
D718,Corniches,Contemporaines,D718,True,True,False,True,True,False,False
D720,Corniches,Contemporaines,D720,True,True,False,True,True,False,False
D751,Corniches,Contemporaines,D751,True,True,False,False,True,False,False
D752,Corniches,Contemporaines,D752,True,True,False,False,True,False,False
D753,Corniches,Contemporaines,D753,True,True,False,False,True,False,False
D754,Corniches,Contemporaines,D754,True,True,False,False,True,False,False
D891,Corniches,Contemporaines,D891,True,True,False,True,False,False,False
D900,Corniches,Contemporaines,D900,True,True,False,False,True,False,False
D901,Corniches,Contemporaines,D901,True,True,False,False,True,False,False
SDPA1,Corniches,Contemporaines,SDPA1,True,True,False,False,False,True,False
SDPA2,Corniches,Contemporaines,SDPA2,True,True,False,False,True,False,False
SDPA3,Corniches,Contemporaines,SDPA3,True,True,False,False,False,True,False
SDPA4,Corniches,Contemporaines,SDPA4,True,True,False,False,False,True,False
US0740,Corniches,Stratistaff,US0740,True,False,False,True,False,False,False
US1040,Corniches,Stratistaff,US1040,True,False,False,True,False,False,False
D100,Corniches,LED,D100,True,True,False,False,True,False,False
D101,Corniches,LED,D101,True,False,False,True,True,False,False
D102,Corniches,LED,D102,True,False,False,True,True,False,False
D103,Corniches,LED,D103,True,False,False,True,True,False,False
D104,Corniches,LED,D104,True,False,False,True,True,False,False
D107,Corniches,LED,D107,True,False,False,True,True,False,False
D108,Corniches,LED,D108,True,False,False,True,True,False,False
D109,Corniches,LED,D109,True,True,False,False,True,False,False
D110,Corniches,LED,D110,True,True,False,True,True,False,False
D113,Corniches,LED,D113,True,True,False,True,True,False,False
D113M,Corniches,LED,D113M,True,True,False,True,True,False,False
D114,Corniches,LED,D114,True,True,False,True,True,False,False
D114M,Corniches,LED,D114M,True,True,False,True,True,False,False
D116,Corniches,LED,D116,True,True,False,True,True,False,False
D117,Corniches,LED,D117,True,True,False,True,True,False,False
D121,Corniches,LED,D121,True,True,False,False,True,False,False
D122,Corniches,LED,D122,True,True,False,False,True,False,False
D123,Corniches,LED,D123,True,True,False,False,True,False,False
D124,Corniches,LED,D124,True,True,False,False,True,False,False
D125,Corniches,LED,D125,True,True,False,False,True,False,False
D708,Corniches,LED,D708,True,True,False,True,True,False,False
D709,Corniches,LED,D709,True,True,False,True,True,False,False
D710,Corniches,LED,D710,True,True,False,True,True,False,False
D748,Corniches,LED,D748,True,True,False,True,True,False,False
D749,Corniches,LED,D749,True,True,False,True,True,False,False
EBP0430,Corniches,LED,EBP0430,True,True,False,False,True,False,False
1102,Moulures,Moulures,1102,True,True,False,True,True,False,False
1103,Moulures,Moulures,1103,True,True,False,True,True,False,False
1104,Moulures,Moulures,1104,True,True,False,False,True,False,False
1105,Moulures,Moulures,1105,True,True,False,False,True,False,False
1106,Moulures,Moulures,1106,True,True,False,False,False,True,False
1107,Moulures,Moulures,1107,True,True,False,True,True,False,False
1112,Moulures,Moulures,1112,True,True,False,False,True,False,False
1115P,Moulures,Moulures,1115P,True,True,False,False,False,True,False
1120,Moulures,Moulures,1120,True,True,False,True,True,False,False
1121,Moulures,Moulures,1121,True,True,False,True,True,False,False
1124,Moulures,Moulures,1124,True,True,False,True,True,False,False
1125,Moulures,Moulures,1125,True,True,False,True,True,False,False
1130,Moulures,Moulures,1130,True,True,False,True,True,False,False
1131,Moulures,Moulures,1131,True,True,False,False,False,True,False
1132,Moulures,Moulures,1132,True,False,False,False,True,False,False
1140C,Moulures,Moulures,1140C,True,True,True,True,False,False,False
1145C,Moulures,Moulures,1145C,True,True,True,False,False,False,False
1150,Moulures,Moulures,1150,True,True,False,False,False,True,False
1151,Moulures,Moulures,1151,True,True,False,False,True,False,False
1155,Moulures,Moulures,1155,True,True,False,True,True,False,False
1156,Moulures,Moulures,1156,True,True,False,True,True,False,False
1165,Moulures,Moulures,1165,True,False,False,False,True,False,False
1166,Moulures,Moulures,1166,True,True,False,True,True,False,False
1200,Moulures,Moulures,1200,True,True,False,True,True,False,False
1201,Moulures,Moulures,1201,True,True,False,True,True,False,False
1202,Moulures,Moulures,1202,True,True,False,False,True,False,False
1204,Moulures,Moulures,1204,True,True,False,False,True,False,False
1206,Moulures,Moulures,1206,True,False,False,True,True,False,False
1207,Moulures,Moulures,1207,True,True,False,True,True,False,False
1208,Moulures,Moulures,1208,True,True,False,False,True,False,False
1209,Moulures,Moulures,1209,True,True,False,True,True,False,False
1210,Moulures,Moulures,1210,True,True,False,True,True,False,False
1211,Moulures,Moulures,1211,True,True,False,False,False,True,False
1212,Moulures,Moulures,1212,True,True,False,False,False,True,False
1214,Moulures,Moulures,1214,True,True,False,False,False,True,False
1215,Moulures,Moulures,1215,True,False,False,False,False,True,False
1216,Moulures,Moulures,1216,False,True,False,False,False,True,False
1220,Moulures,Moulures,1220,True,False,False,True,True,False,False
1221,Moulures,Moulures,1221,True,True,False,True,True,False,False
1301,Moulures,Moulures,1301,True,True,False,False,True,False,False
1304,Moulures,Moulures,1304,True,True,False,False,True,False,False
1310,Moulures,Moulures,1310,True,True,False,False,True,False,False
1318,Moulures,Moulures,1318,True,True,False,False,False,True,False
1319,Moulures,Moulures,1319,True,True,False,False,False,True,False
1321,Moulures,Moulures,1321,True,False,False,False,True,False,False
1323,Moulures,Moulures,1323,True,True,False,False,True,False,False
1324,Moulures,Moulures,1324,True,True,False,True,True,False,False
1325,Moulures,Moulures,1325,True,True,False,False,True,False,False
1326,Moulures,Moulures,1326,True,True,False,False,False,True,False
1327,Moulures,Moulures,1327,True,True,False,False,False,True,False
1340,Moulures,Moulures,1340,True,True,False,False,False,True,False
1341,Moulures,Moulures,1341,True,False,False,False,True,False,False
1343,Moulures,Moulures,1343,True,False,False,True,True,False,False
1344,Moulures,Moulures,1344,True,False,False,True,True,False,False
1345,Moulures,Moulures,1345,True,False,False,True,True,False,False
1346,Moulures,Moulures,1346,True,True,False,False,False,True,False
1348,Moulures,Moulures,1348,True,False,False,False,True,False,False
1350,Moulures,Moulures,1350,True,True,False,False,False,True,False
1361,Moulures,Moulures,1361,True,False,False,False,False,True,False
1362,Moulures,Moulures,1362,True,True,False,False,False,True,False
1363,Moulures,Moulures,1363,True,True,False,False,False,True,False
1364,Moulures,Moulures,1364,True,True,False,True,True,False,False
1365,Moulures,Moulures,1365,True,True,False,True,True,False,False
1366,Moulures,Moulures,1366,True,True,False,True,True,False,False
1367,Moulures,Moulures,1367,True,True,False,True,True,False,False
1370,Moulures,Moulures,1370,True,True,False,False,False,True,False
1380,Moulures,Moulures,1380,True,True,False,False,True,False,False
1381,Moulures,Moulures,1381,True,True,False,False,False,True,False
1382,Moulures,Moulures,1382,True,True,False,False,False,True,False
1383,Moulures,Moulures,1383,True,False,False,False,False,True,False
1384,Moulures,Moulures,1384,True,True,False,False,False,True,False
1385,Moulures,Moulures,1385,True,True,False,False,False,True,False
9302,Moulures,Moulures,9302,True,True,False,False,False,True,False
9304,Moulures,Moulures,9304,True,True,False,True,False,False,False
9315C,Moulures,Moulures,9315C,True,True,True,False,False,False,False
SDC1,Moulures,Moulures,SDC1,True,True,True,True,False,False,False
SDC2,Moulures,Moulures,SDC2,True,True,True,True,False,False,False
1101BH,Moulures,Angles,1101BH,True,True,False,True,True,False,False
1101D,Moulures,Angles,1101D,True,False,False,False,True,False,False
1101E,Moulures,Angles,1101E,True,False,False,False,True,False,False
1101H,Moulures,Angles,1101H,True,True,False,False,True,False,False
1102BH,Moulures,Angles,1102BH,True,True,False,True,False,False,False
1103BH,Moulures,Angles,1103BH,True,True,False,True,False,False,False
1103H,Moulures,Angles,1103H,True,True,False,False,True,False,False
1104B,Moulures,Angles,1104B,True,False,False,False,True,False,False
1107E,Moulures,Angles,1107E,True,True,False,False,False,True,False
1107P,Moulures,Angles,1107P,True,True,False,False,True,False,False
1200BH,Moulures,Angles,1200BH,True,True,False,True,False,False,False
1202BH,Moulures,Angles,1202BH,True,True,False,True,False,False,False
1204BH,Moulures,Angles,1204BH,True,False,False,False,True,False,False
1204H,Moulures,Angles,1204H,True,False,False,False,True,False,False
1206R,Moulures,Angles,1206R,True,True,False,True,False,False,False
1206S,Moulures,Angles,1206S,True,True,False,True,False,False,False
1207BH,Moulures,Angles,1207BH,True,True,False,True,False,False,False
1207E,Moulures,Angles,1207E,True,True,False,False,False,True,False
1210BH,Moulures,Angles,1210BH,True,True,False,True,False,False,False
BP10,Moulures,Plate-bandes,BP10,True,False,False,False,False,False,True
BP20,Moulures,Plate-bandes,BP20,True,False,False,False,False,False,True
BP30,Moulures,Plate-bandes,BP30,True,False,False,False,False,False,True
D505,Corniches,Ornementées,D505,True,True,False,False,True,False,False
D510,Corniches,Ornementées,D510,True,False,False,True,True,False,False
D513,Corniches,Ornementées,D513,True,True,False,False,True,False,False
D515,Corniches,Ornementées,D515,True,True,False,True,True,False,False
D525,Corniches,Ornementées,D525,True,True,False,False,True,False,False
D530,Corniches,Ornementées,D530,True,True,False,False,True,False,False
D535,Corniches,Ornementées,D535,True,True,False,False,True,False,False
D540,Corniches,Ornementées,D540,True,True,False,False,True,False,False
D550,Corniches,Ornementées,D550,True,True,False,True,True,False,False
D566,Corniches,Ornementées,D566,True,True,False,False,True,False,False
D569,Corniches,Ornementées,D569,True,True,False,True,True,False,False
D613,Corniches,Ornementées,D613,True,True,False,False,True,False,False
D615,Corniches,Ornementées,D615,True,True,False,True,True,False,False
D616A,Corniches,Ornementées,D616A,True,False,False,False,True,False,False
D616B,Corniches,Ornementées,D616B,True,False,False,False,True,False,False
D617,Corniches,Ornementées,D617,True,True,False,True,True,False,False
D628,Corniches,Ornementées,D628,True,True,False,True,True,False,False
D629,Corniches,Ornementées,D629,True,True,False,True,True,False,False
D650A,Corniches,Ornementées,D650A,True,False,False,False,True,False,False
D650B,Corniches,Ornementées,D650B,True,False,False,False,True,False,False
D652A,Corniches,Ornementées,D652A,True,False,False,False,True,False,False
D652B,Corniches,Ornementées,D652B,True,False,False,False,True,False,False
D711,Corniches,Ornementées,D711,True,True,False,False,True,False,False
D712,Corniches,Ornementées,D712,True,True,False,True,True,False,False
D715,Corniches,Ornementées,D715,True,True,False,True,True,False,False
D716,Corniches,Ornementées,D716,True,True,False,False,True,False,False
D810,Corniches,Ornementées,D810,True,True,False,False,True,False,False
D812,Corniches,Ornementées,D812,True,True,False,False,True,False,False
D813,Corniches,Ornementées,D813,True,True,False,False,True,False,False
D814,Corniches,Ornementées,D814,True,True,False,True,True,False,False
D815,Corniches,Ornementées,D815,True,True,False,True,True,False,False
D818,Corniches,Ornementées,D818,True,True,False,False,True,False,False
D835,Corniches,Ornementées,D835,True,True,False,False,True,False,False
D840,Corniches,Ornementées,D840,True,True,False,True,True,False,False
D843,Corniches,Ornementées,D843,True,True,False,False,True,False,False
D844,Corniches,Ornementées,D844,True,True,False,False,True,False,False
D845,Corniches,Ornementées,D845,True,False,False,True,True,False,False
D846,Corniches,Ornementées,D846,True,False,False,False,True,False,False
D878,Corniches,Ornementées,D878,True,True,False,False,True,False,False
D879,Corniches,Ornementées,D879,True,False,False,False,True,False,False
D879A,Corniches,Ornementées,D879A,True,False,False,False,False,False,True
D879B1,Corniches,Ornementées,D879B1,True,False,False,False,False,False,True
D879B2,Corniches,Ornementées,D879B2,True,False,False,False,False,False,True
D879B3,Corniches,Ornementées,D879B3,True,False,False,False,False,False,True
D879C,Corniches,Ornementées,D879C,True,False,False,False,False,False,True
D880B,Corniches,Ornementées,D880B,True,False,False,False,True,False,False
D881,Corniches,Ornementées,D881,True,True,False,False,True,False,False
D881B,Corniches,Ornementées,D881B,True,True,False,False,True,False,False
D882,Corniches,Ornementées,D882,True,True,False,False,True,False,False
D882B,Corniches,Ornementées,D882B,True,True,False,False,False,True,False
D883,Corniches,Ornementées,D883,True,True,False,False,False,True,False
D884,Corniches,Ornementées,D884,True,True,False,False,False,True,False
D885,Corniches,Ornementées,D885,True,True,False,False,False,True,False
D887,Corniches,Ornementées,D887,True,True,False,False,True,False,False
D889,Corniches,Ornementées,D889,True,True,False,False,True,False,False
D890,Corniches,Ornementées,D890,True,True,False,False,False,True,False
D893,Corniches,Ornementées,D893,True,True,False,False,False,True,False
D894,Corniches,Ornementées,D894,True,True,False,True,False,False,False
D895,Corniches,Ornementées,D895,True,True,False,False,False,True,False
D897,Corniches,Ornementées,D897,True,True,False,False,True,False,False
D898,Corniches,Ornementées,D898,True,True,False,True,True,False,False
D899,Corniches,Ornementées,D899,True,True,False,False,True,False,False
D903,Corniches,Ornementées,D903,True,False,False,False,True,False,False
R561,Corniches,Ornementées,R561,True,False,False,False,False,False,True
S562,Corniches,Ornementées,S562,True,False,False,False,False,False,True
1101C,Moulures,Cimaises,1101C,True,True,False,False,True,False,False
1103C,Moulures,Cimaises,1103C,True,True,False,False,False,True,False
1141C,Moulures,Cimaises,1141C,True,True,True,True,False,False,False
7070,Parements,Contemporains,7070,True,False,False,True,True,False,False
7071,Parements,Contemporains,7071,True,True,True,True,True,False,False
7072,Parements,Contemporains,7072,True,True,True,True,True,False,False
7073,Parements,Contemporains,7073,True,True,True,True,True,False,False
7074,Parements,Contemporains,7074,True,True,True,True,True,False,False
7075,Parements,Contemporains,7075,True,True,True,True,True,False,False
7078,Parements,Contemporains,7078,True,True,True,True,True,False,False
7079,Parements,Contemporains,7079,True,True,True,True,False,False,False
SD7045,Parements,Contemporains,SD7045,True,True,False,False,False,True,False
SD7046,Parements,Contemporains,SD7046,True,False,False,False,False,True,False
SD7055,Parements,Contemporains,SD7055,True,False,False,False,False,True,False
7036,Parements,Modernes,7036,True,True,True,True,True,False,False
7036PLIN,Parements,Modernes,7036PLIN,True,True,True,True,True,False,False
7036U,Parements,Modernes,7036U,True,True,True,True,True,False,False
7080,Parements,Modernes,7080,True,False,False,True,False,False,False
CL30,Parements,Modernes,CL30,True,True,False,True,False,False,False
CL32,Parements,Modernes,CL32,True,True,False,False,False,True,False
CL33,Parements,Modernes,CL33,True,False,False,False,False,False,True
CL34,Parements,Modernes,CL34,True,True,False,False,False,True,False
CL35,Parements,Modernes,CL35,True,True,True,False,False,False,False
CL36,Parements,Modernes,CL36,True,True,True,False,False,False,False
7038,Parements,Briques,7038,True,True,True,False,False,False,False
7040,Parements,Briques,7040,True,True,False,False,False,True,False
7041,Parements,Briques,7041,True,True,False,False,False,True,False
7091,Parements,Gdes dimensions,7091,True,True,False,False,False,True,False
CL10,Parements,Gdes dimensions,CL10,True,True,True,False,False,False,False
CL11,Parements,Gdes dimensions,CL11,True,True,True,False,False,False,False
CL12,Parements,Gdes dimensions,CL12,True,True,True,True,True,False,False
CL1213A,Parements,Gdes dimensions,CL1213A,True,True,False,False,True,False,False
CL1213B,Parements,Gdes dimensions,CL1213B,True,True,False,False,True,False,False
CL1213C,Parements,Gdes dimensions,CL1213C,True,True,False,False,True,False,False
CL1213D,Parements,Gdes dimensions,CL1213D,True,True,False,False,True,False,False
CL1374,Parements,Gdes dimensions,CL1374,True,True,True,False,False,False,False
CL39,Parements,Gdes dimensions,CL39,True,False,False,True,True,False,False
1213,Parements,Tuileries,1213,True,False,False,False,True,False,False
1213BH,Parements,Tuileries,1213BH,True,False,False,False,True,False,False
1213G,Parements,Tuileries,1213G,True,False,False,False,True,False,False
1400,Encadrements,Rosaces,1400,True,False,False,False,False,False,True
1401,Encadrements,Rosaces,1401,True,False,False,False,False,False,True
1402,Encadrements,Rosaces,1402,True,False,False,False,False,False,True
1403,Encadrements,Rosaces,1403,True,False,False,False,False,False,True
1404,Encadrements,Rosaces,1404,True,False,False,False,False,False,True
1405,Encadrements,Rosaces,1405,True,True,False,False,False,True,False
1406,Encadrements,Rosaces,1406,True,False,False,False,False,False,True
1407,Encadrements,Rosaces,1407,True,False,False,False,False,False,True
1408,Encadrements,Rosaces,1408,True,False,False,False,False,False,True
1409,Encadrements,Rosaces,1409,True,False,False,False,True,False,False
1410,Encadrements,Rosaces,1410,True,False,False,False,False,False,True
1412,Encadrements,Rosaces,1412,True,False,False,False,False,False,True
1413,Encadrements,Rosaces,1413,True,False,False,False,False,False,True
1414,Encadrements,Rosaces,1414,True,False,False,False,False,False,True
1415,Encadrements,Rosaces,1415,True,False,False,False,False,False,True
1416,Encadrements,Rosaces,1416,True,False,False,False,False,False,True
1417,Encadrements,Rosaces,1417,True,False,False,False,False,False,True
1418,Encadrements,Rosaces,1418,True,False,False,False,False,False,True
1419,Encadrements,Rosaces,1419,True,False,False,False,False,False,True
1420,Encadrements,Rosaces,1420,True,False,False,False,False,False,True
1421,Encadrements,Rosaces,1421,True,False,False,False,False,False,True
1436,Encadrements,Rosaces,1436,False,True,False,False,False,True,False
M039,Encadrements,Rosaces,M039,True,False,False,False,False,False,True
M045,Encadrements,Rosaces,M045,True,False,False,False,False,False,True
M046,Encadrements,Rosaces,M046,True,False,False,False,False,False,True
M048,Encadrements,Rosaces,M048,True,False,False,False,True,False,False
M051,Encadrements,Rosaces,M051,True,False,False,False,False,False,True
M054,Encadrements,Rosaces,M054,True,False,False,False,False,False,True
M055,Encadrements,Rosaces,M055,True,False,False,False,False,False,True
M060,Encadrements,Rosaces,M060,True,True,False,False,True,False,False
M067,Encadrements,Rosaces,M067,True,False,False,False,True,False,False
M068,Encadrements,Rosaces,M068,True,False,False,False,False,False,True
M069,Encadrements,Rosaces,M069,True,False,False,False,False,False,True
M071,Encadrements,Rosaces,M071,True,False,False,False,True,False,False
M202,Encadrements,Rosaces,M202,True,False,False,False,True,False,False
M208,Encadrements,Rosaces,M208,True,False,False,False,False,False,True
M209,Encadrements,Rosaces,M209,True,False,False,False,True,False,False
M210,Encadrements,Rosaces,M210,True,False,False,False,False,False,True
M250,Encadrements,Rosaces,M250,True,True,False,False,True,False,False
M251,Encadrements,Rosaces,M251,True,True,True,False,True,False,False
M252,Encadrements,Rosaces,M252,True,True,False,False,True,False,False
M253,Encadrements,Rosaces,M253,True,False,False,False,True,False,False
M254,Encadrements,Rosaces,M254,True,False,False,False,True,False,False
M255,Encadrements,Rosaces,M255,True,False,False,False,False,False,True
M298,Encadrements,Rosaces,M298,True,False,False,False,False,False,True
M299,Encadrements,Rosaces,M299,True,False,False,False,False,False,True
M302,Encadrements,Rosaces,M302,True,False,False,False,True,False,False
M306,Encadrements,Rosaces,M306,True,True,False,False,True,False,False
M390,Encadrements,Rosaces,M390,True,False,False,False,False,False,True
M400,Encadrements,Rosaces,M400,True,False,False,False,True,False,False
M401,Encadrements,Rosaces,M401,True,True,False,False,True,False,False
M402,Encadrements,Rosaces,M402,True,False,False,False,True,False,False
M403,Encadrements,Rosaces,M403,True,False,False,False,True,False,False
M404,Encadrements,Rosaces,M404,True,False,False,False,True,False,False
M405,Encadrements,Rosaces,M405,True,True,False,False,True,False,False
M406,Encadrements,Rosaces,M406,True,False,False,False,False,False,True
M407,Encadrements,Rosaces,M407,True,False,False,False,False,False,True
M501,Encadrements,Rosaces,M501,True,False,False,False,True,False,False
M502,Encadrements,Rosaces,M502,True,False,False,True,True,False,False
M503,Encadrements,Rosaces,M503,True,False,False,False,False,True,False
M504,Encadrements,Rosaces,M504,True,True,False,False,True,False,False
M604,Encadrements,Rosaces,M604,True,False,False,False,True,False,False
M605,Encadrements,Rosaces,M605,True,False,False,False,True,False,False
PL201,Encadrements,Rectangulaires,PL201,True,True,True,False,False,False,False
PL319,Encadrements,Rectangulaires,PL319,True,False,False,True,False,False,False
PL204,Encadrements,Carrés,PL204,True,True,True,False,False,False,False
M401P,Encadrements,Encastrées,M401P,True,True,False,False,True,False,False
0760,Colonnes,Pilastres,0760,True,False,False,False,False,False,True
0800,Colonnes,Pilastres,0800,True,False,False,False,False,False,True
0900,Colonnes,Pilastres,0900,True,True,True,True,False,False,False
0905,Colonnes,Pilastres,0905,True,True,True,True,False,False,False
0950,Colonnes,Pilastres,0950,True,False,False,False,False,False,True
1000,Colonnes,Pilastres,1000,True,True,True,True,False,False,False
1005,Colonnes,Pilastres,1005,True,True,True,True,False,False,False
1025,Colonnes,Pilastres,1025,True,False,False,False,False,False,True
1050,Colonnes,Pilastres,1050,True,False,False,False,False,False,True
2000,Colonnes,Pilastres,2000,True,False,False,False,False,True,False
2020,Colonnes,Pilastres,2020,True,True,False,False,False,True,False
2030,Colonnes,Pilastres,2030,True,False,False,False,False,False,True
3000,Colonnes,Pilastres,3000,True,False,False,False,False,False,True
3068,Colonnes,Pilastres,3068,True,True,False,False,False,True,False
BL120,Profils LED,Insertion,BL120,True,True,True,True,True,False,False
BL122,Profils LED,Insertion,BL122,True,True,False,True,False,False,False
BL130,Profils LED,Insertion,BL130,True,True,True,True,True,False,False
BL131,Profils LED,Insertion,BL131,True,True,False,True,True,False,False
BL132,Profils LED,Insertion,BL132,True,True,False,True,True,False,False
BL140,Profils LED,Insertion,BL140,True,True,True,True,True,False,False
BL160,Profils LED,Insertion,BL160,True,True,True,True,True,False,False
BL170,Profils LED,Insertion,BL170,True,True,False,True,False,False,False
BL180,Profils LED,Insertion,BL180,True,True,False,True,False,False,False
BP30P,Profils LED,Finition,BP30P,True,True,True,True,False,False,False
9021,Lambris,Décaissés,9021,True,False,False,False,False,False,True
9201,Lambris,Décaissés,9201,True,True,False,True,False,False,False
9202,Lambris,Décaissés,9202,True,True,True,True,False,False,False
9203,Lambris,Décaissés,9203,True,True,True,True,False,False,False
9204,Lambris,Décaissés,9204,True,True,True,True,False,False,False
9205,Lambris,Décaissés,9205,True,True,True,True,False,False,False
9206,Lambris,Décaissés,9206,True,True,True,True,False,False,False
9211,Lambris,Décaissés,9211,True,True,True,True,False,False,False
9212,Lambris,Décaissés,9212,True,True,True,True,False,False,False
9213,Lambris,Décaissés,9213,True,True,True,True,False,False,False
9214,Lambris,Décaissés,9214,True,True,True,True,False,False,False
9215,Lambris,Décaissés,9215,True,True,True,True,False,False,False
9216,Lambris,Décaissés,9216,True,True,True,True,False,False,False
9221,Lambris,Décaissés,9221,True,False,False,False,False,False,True
9222,Lambris,Décaissés,9222,True,False,False,False,False,False,True
9223,Lambris,Décaissés,9223,True,False,False,False,False,False,True
9224,Lambris,Décaissés,9224,True,False,False,False,False,False,True
9225,Lambris,Décaissés,9225,True,False,False,False,False,False,True
9226,Lambris,Décaissés,9226,True,False,False,False,False,False,True
9227,Lambris,Décaissés,9227,True,False,False,False,False,False,True
9228,Lambris,Décaissés,9228,True,False,False,False,False,False,True
PLIN08,Plinthes,Plinthes,PLIN08,True,True,False,True,False,False,False
PLIN08M,Plinthes,Plinthes,PLIN08M,True,True,False,True,False,False,False
PLIN10,Plinthes,Plinthes,PLIN10,True,True,False,True,False,False,False
PLIN10A,Plinthes,Plinthes,PLIN10A,True,False,False,False,False,True,False
PLIN10M,Plinthes,Plinthes,PLIN10M,True,True,False,True,False,False,False
PLIN10MA,Plinthes,Plinthes,PLIN10MA,True,True,False,False,False,True,False
PLIN12,Plinthes,Plinthes,PLIN12,True,True,False,True,False,False,False
PLIN12A,Plinthes,Plinthes,PLIN12A,True,True,False,False,False,True,False
PLIN15,Plinthes,Plinthes,PLIN15,True,True,False,True,False,False,False
PLIN15A,Plinthes,Plinthes,PLIN15A,True,True,False,False,False,True,False
PLIN20,Plinthes,Plinthes,PLIN20,True,True,False,True,False,False,False
PLIN21,Plinthes,Plinthes,PLIN21,True,True,False,False,False,True,False
PLIN38,Plinthes,Plinthes,PLIN38,True,True,False,True,False,False,False
PLINT,Plinthes,Plinthes,PLINT,False,True,False,False,False,True,False
PLINTA,Plinthes,Plinthes,PLINTA,False,True,False,False,False,True,False
TAL1343,Plinthes,Plinthes,TAL1343,True,True,False,False,False,True,False
TAL20,Plinthes,Plinthes,TAL20,True,True,False,False,False,True,False
TAL26,Plinthes,Plinthes,TAL26,True,False,False,True,False,False,False
TAL41,Plinthes,Plinthes,TAL41,True,True,False,True,False,False,False
TAL44,Plinthes,Plinthes,TAL44,True,False,False,False,False,True,False
TALGM,Plinthes,Plinthes,TALGM,False,False,False,False,False,False,True
1443,Ornements,Ornements,1443,False,True,False,False,False,True,False
3906,Ornements,Ornements,3906,True,False,False,False,False,False,True
4200,Ornements,Ornements,4200,True,False,False,False,False,False,True
4201,Ornements,Ornements,4201,True,False,False,False,False,False,True
