sku,statut_gate,motifs,drapeaux,n_sommets_brut,n_sommets_effectifs,debord_mur_mm,debord_plafond_mm,bruit_tessellation_count,jitter_contour_count,platitude_ratio,platitude_critere_applique,signal_projection_egale_bbox_w
0900,SUSPECT_GEOMETRIE,CONTRAT_LOADER_STATUT_NON_OK; CONTRAT_LOADER_PROFIL_INSUFFISANT (n=0); CONTRAT_LOADER_MUR_VIDE; CONTRAT_LOADER_PLAFOND_VIDE,,0,,,,,,,False,True
1000,OK,,,49,49,0.0,0.0,0,0,0.13043478260869565,False,True
1005,SUSPECT_GEOMETRIE,CONTRAT_LOADER_STATUT_NON_OK; CONTRAT_LOADER_PROFIL_INSUFFISANT (n=0); CONTRAT_LOADER_MUR_VIDE; CONTRAT_LOADER_PLAFOND_VIDE,,0,,,,,,,False,True
1102BH,SUSPECT_GEOMETRIE,CONTRAT_LOADER_STATUT_NON_OK; CONTRAT_LOADER_PROFIL_INSUFFISANT (n=0); CONTRAT_LOADER_MUR_VIDE; CONTRAT_LOADER_PLAFOND_VIDE,,0,,,,,,,False,True
1145c,SUSPECT_GEOMETRIE,CONTRAT_LOADER_STATUT_NON_OK; CONTRAT_LOADER_PROFIL_INSUFFISANT (n=0); CONTRAT_LOADER_MUR_VIDE; CONTRAT_LOADER_PLAFOND_VIDE,,0,,,,,,,False,True
1202,SUSPECT_GEOMETRIE,CONTRAT_LOADER_STATUT_NON_OK; CONTRAT_LOADER_PROFIL_INSUFFISANT (n=0); CONTRAT_LOADER_MUR_VIDE; CONTRAT_LOADER_PLAFOND_VIDE,,0,,,,,,,False,True
20-54,SUSPECT_GEOMETRIE,CONTRAT_LOADER_STATUT_NON_OK; CONTRAT_LOADER_PROFIL_INSUFFISANT (n=0); CONTRAT_LOADER_MUR_VIDE; CONTRAT_LOADER_PLAFOND_VIDE,,0,,,,,,,False,True
D106,SUSPECT_GEOMETRIE,DEBORD_PLAN_PLAFOND (ecart=64.710mm),,13,12,0.0,64.71039999999999,2,0,0.14285714285714285,False,False
D110,SUSPECT_GEOMETRIE,DEBORD_PLAN_PLAFOND (ecart=42.009mm),,17,17,0.0,42.00909999999999,1,0,0.4296009895636588,False,False
D114,OK,,"BRUIT_TESSELLATION (count=7, seuil_indicatif=3)",22,22,0.00030000000000995897,0.00029999999998153726,7,0,0.9499610007799845,False,False
D114M,OK,,"BRUIT_TESSELLATION (count=8, seuil_indicatif=3)",21,20,0.00030000000000995897,0.0,8,0,0.7894903050590538,False,False
D116,OK,,,58,58,0.00019999999999242846,0.00030000000000995897,0,0,0.5125151251512515,False,False
D117,OK,,,38,29,0.00019999999999242846,0.00030000000000995897,0,0,0.4500116000928007,False,False
D505,OK,,,45,43,0.00010000000000331966,0.0004999999999881766,1,0,0.5507769525209765,False,False
D515,OK,,"BRUIT_TESSELLATION (count=8, seuil_indicatif=3)",47,44,0.0004000000000132786,0.00010000000000331966,8,0,0.4553330582971026,False,False
D520,OK,,,33,33,0.0,0.0,0,0,0.9790001519525907,False,False
D545,OK,,,10,10,0.0,0.0,0,0,0.375,False,True
D550,OK,,,29,29,0.0,0.00030000000000995897,0,0,0.493391735871987,False,True
D555,SUSPECT_GEOMETRIE,DEBORD_PLAN_PLAFOND (ecart=5.278mm),,16,16,0.0002999999999957481,5.278100000000002,0,0,0.9747817945697806,True,False
D560,SUSPECT_GEOMETRIE,DEBORD_PLAN_MUR (ecart=27.972mm); DEBORD_PLAN_PLAFOND (ecart=65.416mm),,50,50,27.972499999999997,65.41580000000002,0,0,0.43820317298617245,False,False
D561,SUSPECT_GEOMETRIE,DEBORD_PLAN_MUR (ecart=17.555mm),,11,11,17.554899999999996,0.024499999999989086,0,0,0.9566302479063834,False,False
D562,OK,,,12,12,0.000499999999995282,0.0,0,0,0.2525205264428882,True,False
D564,SUSPECT_GEOMETRIE,CONTRAT_LOADER_PLAFOND_VIDE; DEBORD_PLAN_MUR (ecart=41.139mm),,15,15,41.1389,,0,0,0.3590876568018512,False,False
D565,SUSPECT_GEOMETRIE,CONTRAT_LOADER_PLAFOND_VIDE,,11,11,0.000499999999995282,,0,0,0.30979117654192234,False,False
D569,OK,,"BRUIT_TESSELLATION (count=13, seuil_indicatif=3)",32,32,0.0004999999999881766,0.040300000000002,13,0,0.5296470077919605,False,False
D576,SUSPECT_GEOMETRIE,DEBORD_PLAN_MUR (ecart=24.405mm),,11,11,24.405,0.0002000000000066393,0,0,0.23411561636099484,True,False
D577,OK,,,19,17,0.00019999999999242846,0.0,0,0,0.37916532610194426,False,False
D578,SUSPECT_GEOMETRIE,CONTRAT_LOADER_PLAFOND_VIDE; DEBORD_PLAN_MUR (ecart=26.040mm),,9,9,26.0398,,0,0,0.7183855916522143,False,False
D604,SUSPECT_GEOMETRIE,DEBORD_PLAN_MUR (ecart=14.481mm),,38,37,14.480699999999999,9.99999999891088e-05,0,0,0.45212380108003547,False,False
D607,OK,,,38,37,0.0002999999999957481,0.00010000000000331966,0,0,0.8880254728782078,False,False
D608,SUSPECT_GEOMETRIE,CONTRAT_LOADER_PLAFOND_VIDE; DEBORD_PLAN_MUR (ecart=20.661mm),,60,55,20.661399999999986,,0,0,0.8701179626132414,False,False
D609,OK,,,68,53,0.0004999999999881766,0.0,0,0,0.9515528139982288,False,False
D610,OK,,"BRUIT_TESSELLATION (count=5, seuil_indicatif=3)",48,47,9.99999999891088e-05,0.00010000000000331966,5,0,0.7214176380548687,False,False
D612,OK,,"BRUIT_TESSELLATION (count=3, seuil_indicatif=3)",14,14,0.0002999999999957481,0.0,3,0,0.683695652173913,False,False
D614,SUSPECT_GEOMETRIE,DEBORD_PLAN_MUR (ecart=9.526mm),,19,17,9.525600000000004,0.0002999999999957481,0,0,0.550852470885316,True,False
D616,OK,,,54,53,0.00039999999999906777,0.0002000000000066393,2,0,0.7118842030617778,False,False
D617,OK,,"BRUIT_TESSELLATION (count=8, seuil_indicatif=3)",44,42,0.03249999999999886,0.00010000000000331966,8,0,0.8841166859359623,False,False
D620,OK,,,30,22,0.0002000000000066393,0.00039999999999906777,0,0,0.9681898992057013,True,False
D621,SUSPECT_GEOMETRIE,CONTRAT_LOADER_MUR_VIDE,,39,39,,0.0002999999999957481,0,0,0.8494015453764961,False,False
D622,SUSPECT_GEOMETRIE,DEBORD_PLAN_MUR (ecart=5.452mm),,36,33,5.451999999999998,0.0002000000000066393,1,0,0.579165791781431,False,False
D626,OK,,"BRUIT_TESSELLATION (count=5, seuil_indicatif=3)",41,39,0.00010000000000331966,0.00030000000000995897,5,0,0.42716837026365734,False,False
D628,SUSPECT_GEOMETRIE,DEBORD_PLAN_PLAFOND (ecart=28.725mm),"BRUIT_TESSELLATION (count=13, seuil_indicatif=3)",50,49,0.00039999999999906777,28.7252,13,0,0.5290829518480841,False,False
D630,OK,,"BRUIT_TESSELLATION (count=6, seuil_indicatif=3)",37,34,0.0002000000000066393,0.0005000000000023874,6,0,0.7448822704636657,False,False
D631,OK,,,22,22,0.0002000000000066393,0.00010000000000331966,0,0,0.8997741959171685,True,False
D633,OK,,"BRUIT_TESSELLATION (count=6, seuil_indicatif=3)",45,23,0.0004000000000132786,9.999999997489795e-05,6,0,0.9999866666666666,False,False
D650,SUSPECT_GEOMETRIE,DEBORD_PLAN_PLAFOND (ecart=23.279mm),"BRUIT_TESSELLATION (count=4, seuil_indicatif=3)",52,46,0.00039999999999906777,23.2791,4,1,0.5681096397851898,False,False
D651,SUSPECT_GEOMETRIE,CONTRAT_LOADER_MUR_VIDE,"BRUIT_TESSELLATION (count=8, seuil_indicatif=3)",74,68,,0.0,8,0,0.4554646465093434,False,False
D652,SUSPECT_GEOMETRIE,DEBORD_PLAN_MUR (ecart=7.204mm); DEBORD_PLAN_PLAFOND (ecart=2.875mm),"BRUIT_TESSELLATION (count=14, seuil_indicatif=3)",70,66,7.203899999999976,2.874600000000015,14,0,0.6951477439199596,False,False
D653,OK,,"BRUIT_TESSELLATION (count=73, seuil_indicatif=3)",113,101,0.0,0.0,73,0,0.7754010695187166,False,False
D703,SUSPECT_GEOMETRIE,DEBORD_PLAN_MUR (ecart=12.672mm),,45,43,12.671899999999994,0.00019999999999953388,0,0,0.9757209549237279,False,False
D704,OK,,,26,26,0.00039999999999906777,0.00010000000000331966,0,0,0.7430769678282623,False,False
D705,OK,,,19,19,0.00039999999999906777,0.0,0,0,0.9882331167629382,True,False
D706,OK,,,8,8,0.0,0.00010000000000331966,0,0,0.651585395610464,True,False
D708,OK,,,44,43,0.0004999999999881766,0.0004000000000132786,0,0,0.9477519809054926,False,False
D709,OK,,,10,10,0.0,0.0002000000000066393,0,0,0.6845302502321697,True,False
D710,OK,,"BRUIT_TESSELLATION (count=10, seuil_indicatif=3)",42,18,0.00039999999999906777,0.0003000000000383807,10,0,0.2627238077418693,False,False
D712,SUSPECT_GEOMETRIE,DEBORD_PLAN_MUR (ecart=23.515mm),"BRUIT_TESSELLATION (count=3, seuil_indicatif=3)",38,37,23.5154,0.0004000000000132786,3,0,0.4335985514820076,False,False
D715,OK,,,47,46,0.0005000000000023874,0.0005000000000023874,0,0,0.8448629325531324,False,False
D717,SUSPECT_GEOMETRIE,DEBORD_PLAN_PLAFOND (ecart=34.157mm),,40,36,0.0002999999999957481,34.157,1,0,0.6643508777501648,False,False
D718,OK,,,22,6,0.0004999999999881766,0.00010000000000331966,0,0,0.9990752017297636,True,False
D720,OK,,,25,6,0.00030000000000995897,0.0002000000000066393,0,0,0.9816384877014838,True,False
D748,OK,,"BRUIT_TESSELLATION (count=3, seuil_indicatif=3)",31,26,0.00039999999999906777,0.00010000000000331966,3,0,0.26214211514278946,True,False
D801,OK,,,20,18,0.00010000000000331966,0.0,0,0,0.5675891891891892,False,False
D814,SUSPECT_GEOMETRIE,CONTRAT_LOADER_PLAFOND_VIDE; DEBORD_PLAN_MUR (ecart=24.771mm),"BRUIT_TESSELLATION (count=38, seuil_indicatif=3)",66,62,24.770700000000005,,38,0,0.5722861797846264,False,False
D815,OK,,"BRUIT_TESSELLATION (count=26, seuil_indicatif=3)",62,62,0.09269999999999357,0.11129999999999995,26,0,0.5352636030723948,False,False
D830,OK,,,33,28,0.0,0.00039999999999906777,0,0,0.8390507462207272,False,False
D835,SUSPECT_GEOMETRIE,DEBORD_PLAN_MUR (ecart=39.865mm),"BRUIT_TESSELLATION (count=8, seuil_indicatif=3)",52,52,39.864900000000006,0.0,8,0,0.6247738095238096,False,False
D840,OK,,"BRUIT_TESSELLATION (count=4, seuil_indicatif=3)",35,35,0.023300000000006094,0.00039999999999906777,4,0,0.8044059911181398,False,False
D886,OK,,"BRUIT_TESSELLATION (count=38, seuil_indicatif=3)",79,79,0.0002000000000066393,0.0003000000000383807,38,0,0.7973141869432256,False,False
D888,SUSPECT_GEOMETRIE,DEBORD_PLAN_MUR (ecart=4.344mm),"BRUIT_TESSELLATION (count=13, seuil_indicatif=3)",65,64,4.344200000000001,0.00010000000000331966,13,0,0.9869033339454488,False,False
D891,OK,,,14,14,0.00030000000000995897,0.00029999999998153726,0,0,0.6561391651163724,True,False
D896,SUSPECT_GEOMETRIE,DEBORD_PLAN_MUR (ecart=40.882mm),"BRUIT_TESSELLATION (count=18, seuil_indicatif=3)",63,61,40.8815,0.0,18,0,0.5852099769532695,False,False
D898,SUSPECT_GEOMETRIE,DEBORD_PLAN_PLAFOND (ecart=1.940mm),"BRUIT_TESSELLATION (count=47, seuil_indicatif=3)",83,83,0.0011999999999829924,1.939799999999991,47,0,0.6655228252882048,False,False
D901,OK,,,29,13,0.0,0.0,0,0,0.9756777777777778,False,False
PLIN10,SUSPECT_GEOMETRIE,CONTRAT_LOADER_MUR_VIDE,,6,6,,0.0003000000000010772,0,0,0.12218441413259853,False,False
PLIN12,SUSPECT_GEOMETRIE,CONTRAT_LOADER_MUR_VIDE; CONTRAT_LOADER_PLAFOND_VIDE,"SOMMETS_INSUFFISANTS (brut=4, effectifs=4)",4,4,,,0,0,0.0859813233681953,False,False
PLIN15,SUSPECT_GEOMETRIE,CONTRAT_LOADER_MUR_VIDE,"SOMMETS_INSUFFISANTS (brut=3, effectifs=3)",3,3,,0.0002999999999993008,0,0,0.11069989912687968,False,True
PLIN20,SUSPECT_GEOMETRIE,CONTRAT_LOADER_MUR_VIDE,"BRUIT_TESSELLATION (count=6, seuil_indicatif=3)",24,23,,0.00010000000000331966,6,0,0.08689108489242055,False,True
TAL26,OK,,,14,13,0.0,0.0,0,0,0.5,True,True
index,SUSPECT_GEOMETRIE,CONTRAT_LOADER_STATUT_NON_OK; CONTRAT_LOADER_PROFIL_INSUFFISANT (n=0); CONTRAT_LOADER_MUR_VIDE; CONTRAT_LOADER_PLAFOND_VIDE,,0,,,,,,,False,False
