sku_ou_fichier,insunits,motif
M048,4,P16B_deduit_par_recoupement_catalogue: dim_native=570.0000 x facteur=1.0 = 570.000mm vs catalogue=570.000mm (ecart 0.00%)
D844,5,P16B_deduit_par_recoupement_catalogue: dim_native=200.1631 x facteur=10.0 = 2001.631mm vs catalogue=2000.000mm (ecart 0.08%)
1321,5,P16B_deduit_par_recoupement_catalogue: dim_native=150.0015 x facteur=10.0 = 1500.015mm vs catalogue=1500.000mm (ecart 0.00%)
D545,5,P16B_deduit_par_recoupement_catalogue: dim_native=170.0000 x facteur=10.0 = 1700.000mm vs catalogue=1750.000mm (ecart 2.86%)
D525,5,P16B_deduit_par_recoupement_catalogue: dim_native=175.0000 x facteur=10.0 = 1750.000mm vs catalogue=1750.000mm (ecart 0.00%)
1208,5,P16B_deduit_par_recoupement_catalogue: dim_native=150.0000 x facteur=10.0 = 1500.000mm vs catalogue=1500.000mm (ecart 0.00%)
D704,5,P16B_deduit_par_recoupement_catalogue: dim_native=200.0000 x facteur=10.0 = 2000.000mm vs catalogue=2000.000mm (ecart 0.00%)
3900,4,P16B_deduit_par_recoupement_catalogue: dim_native=1010.4886 x facteur=1.0 = 1010.489mm vs catalogue=1010.000mm (ecart 0.05%)
M401,5,P16B_deduit_par_recoupement_catalogue: dim_native=90.0000 x facteur=10.0 = 900.000mm vs catalogue=900.000mm (ecart 0.00%)
D813,4,P16B_deduit_par_recoupement_catalogue: dim_native=2000.0000 x facteur=1.0 = 2000.000mm vs catalogue=2000.000mm (ecart 0.00%)
M251,5,P16B_deduit_par_recoupement_catalogue: dim_native=66.0000 x facteur=10.0 = 660.000mm vs catalogue=660.000mm (ecart 0.00%)
D878,4,P16B_deduit_par_recoupement_catalogue: dim_native=2003.0000 x facteur=1.0 = 2003.000mm vs catalogue=2000.000mm (ecart 0.15%)
D113M,4,P16B_deduit_par_recoupement_catalogue: dim_native=2000.0000 x facteur=1.0 = 2000.000mm vs catalogue=2000.000mm (ecart 0.00%)
1210,5,P16B_deduit_par_recoupement_catalogue: dim_native=175.0000 x facteur=10.0 = 1750.000mm vs catalogue=1750.000mm (ecart 0.00%)
1348,5,P16B_deduit_par_recoupement_catalogue: dim_native=150.0000 x facteur=10.0 = 1500.000mm vs catalogue=1500.000mm (ecart 0.00%)
1155,5,P16B_deduit_par_recoupement_catalogue: dim_native=150.0000 x facteur=10.0 = 1500.000mm vs catalogue=1500.000mm (ecart 0.00%)
M254,5,P16B_deduit_par_recoupement_catalogue: dim_native=60.0000 x facteur=10.0 = 600.000mm vs catalogue=600.000mm (ecart 0.00%)
CL1213B,4,P16B_deduit_par_recoupement_catalogue: dim_native=1803.3442 x facteur=1.0 = 1803.344mm vs catalogue=1800.000mm (ecart 0.19%)
1304,5,P16B_deduit_par_recoupement_catalogue: dim_native=150.0000 x facteur=10.0 = 1500.000mm vs catalogue=1500.000mm (ecart 0.00%)
D113,4,P16B_deduit_par_recoupement_catalogue: dim_native=2000.0000 x facteur=1.0 = 2000.000mm vs catalogue=2000.000mm (ecart 0.00%)
D569,4,P16B_deduit_par_recoupement_catalogue: dim_native=2000.0000 x facteur=1.0 = 2000.000mm vs catalogue=2000.000mm (ecart 0.00%)
D116,5,P16B_deduit_par_recoupement_catalogue: dim_native=200.0000 x facteur=10.0 = 2000.000mm vs catalogue=2000.000mm (ecart 0.00%)
D601,4,P16B_deduit_par_recoupement_catalogue: dim_native=2000.0000 x facteur=1.0 = 2000.000mm vs catalogue=2000.000mm (ecart 0.00%)
D114M,4,P16B_deduit_par_recoupement_catalogue: dim_native=2000.0000 x facteur=1.0 = 2000.000mm vs catalogue=2000.000mm (ecart 0.00%)
M038,4,P16B_deduit_par_recoupement_catalogue: dim_native=160.0000 x facteur=1.0 = 160.000mm vs catalogue=160.000mm (ecart 0.00%)
1166,5,P16B_deduit_par_recoupement_catalogue: dim_native=150.0000 x facteur=10.0 = 1500.000mm vs catalogue=1500.000mm (ecart 0.00%)
D607,4,P16B_deduit_par_recoupement_catalogue: dim_native=2000.0000 x facteur=1.0 = 2000.000mm vs catalogue=2000.000mm (ecart 0.00%)
1104,5,P16B_deduit_par_recoupement_catalogue: dim_native=150.0000 x facteur=10.0 = 1500.000mm vs catalogue=1500.000mm (ecart 0.00%)
M060,5,P16B_deduit_par_recoupement_catalogue: dim_native=62.0000 x facteur=10.0 = 620.000mm vs catalogue=620.000mm (ecart 0.00%)
D110,5,P16B_deduit_par_recoupement_catalogue: dim_native=200.0000 x facteur=10.0 = 2000.000mm vs catalogue=2000.000mm (ecart 0.00%)
1202,5,P16B_deduit_par_recoupement_catalogue: dim_native=150.0000 x facteur=10.0 = 1500.000mm vs catalogue=1500.000mm (ecart 0.00%)
1201,5,P16B_deduit_par_recoupement_catalogue: dim_native=151.0000 x facteur=10.0 = 1510.000mm vs catalogue=1500.000mm (ecart 0.67%)
CL12,4,P16B_deduit_par_recoupement_catalogue: dim_native=1210.0000 x facteur=1.0 = 1210.000mm vs catalogue=1210.000mm (ecart 0.00%)
D654,5,P16B_deduit_par_recoupement_catalogue: dim_native=200.0000 x facteur=10.0 = 2000.000mm vs catalogue=2000.000mm (ecart 0.00%)
D535,4,P16B_deduit_par_recoupement_catalogue: dim_native=1750.0466 x facteur=1.0 = 1750.047mm vs catalogue=1750.000mm (ecart 0.00%)
D708,5,P16B_deduit_par_recoupement_catalogue: dim_native=200.0000 x facteur=10.0 = 2000.000mm vs catalogue=2000.000mm (ecart 0.00%)
1207,5,P16B_deduit_par_recoupement_catalogue: dim_native=150.0506 x facteur=10.0 = 1500.506mm vs catalogue=1500.000mm (ecart 0.03%)
D617,4,P16B_deduit_par_recoupement_catalogue: dim_native=1750.0000 x facteur=1.0 = 1750.000mm vs catalogue=1750.000mm (ecart 0.00%)
M306,5,P16B_deduit_par_recoupement_catalogue: dim_native=80.0000 x facteur=10.0 = 800.000mm vs catalogue=800.000mm (ecart 0.00%)
D820,5,P16B_deduit_par_recoupement_catalogue: dim_native=200.0000 x facteur=10.0 = 2000.000mm vs catalogue=2000.000mm (ecart 0.00%)
M303,4,P16B_deduit_par_recoupement_catalogue: dim_native=699.9232 x facteur=1.0 = 699.923mm vs catalogue=700.000mm (ecart 0.01%)
M404,5,P16B_deduit_par_recoupement_catalogue: dim_native=104.0096 x facteur=10.0 = 1040.096mm vs catalogue=1040.000mm (ecart 0.01%)
D515,5,P16B_deduit_par_recoupement_catalogue: dim_native=200.0000 x facteur=10.0 = 2000.000mm vs catalogue=2000.000mm (ecart 0.00%)
M604,5,P16B_deduit_par_recoupement_catalogue: dim_native=158.0000 x facteur=10.0 = 1580.000mm vs catalogue=1580.000mm (ecart 0.00%)
D748,5,P16B_deduit_par_recoupement_catalogue: dim_native=200.0000 x facteur=10.0 = 2000.000mm vs catalogue=2000.000mm (ecart 0.00%)
D658,4,P16B_deduit_par_recoupement_catalogue: dim_native=2000.0000 x facteur=1.0 = 2000.000mm vs catalogue=2000.000mm (ecart 0.00%)
1200,5,P16B_deduit_par_recoupement_catalogue: dim_native=150.0000 x facteur=10.0 = 1500.000mm vs catalogue=1500.000mm (ecart 0.00%)
1221,5,P16B_deduit_par_recoupement_catalogue: dim_native=10.3232 x facteur=10.0 = 103.232mm vs catalogue=105.000mm (ecart 1.68%)
1343,5,P16B_deduit_par_recoupement_catalogue: dim_native=150.0000 x facteur=10.0 = 1500.000mm vs catalogue=1500.000mm (ecart 0.00%)
D520,5,P16B_deduit_par_recoupement_catalogue: dim_native=175.0000 x facteur=10.0 = 1750.000mm vs catalogue=1750.000mm (ecart 0.00%)
D899,5,P16B_deduit_par_recoupement_catalogue: dim_native=200.0034 x facteur=10.0 = 2000.034mm vs catalogue=2000.000mm (ecart 0.00%)
1310,5,P16B_deduit_par_recoupement_catalogue: dim_native=150.0000 x facteur=10.0 = 1500.000mm vs catalogue=1500.000mm (ecart 0.00%)
D752,4,P16B_deduit_par_recoupement_catalogue: dim_native=2000.0000 x facteur=1.0 = 2000.000mm vs catalogue=2000.000mm (ecart 0.00%)
D627,4,P16B_deduit_par_recoupement_catalogue: dim_native=2000.0000 x facteur=1.0 = 2000.000mm vs catalogue=2000.000mm (ecart 0.00%)
3904,4,P16B_deduit_par_recoupement_catalogue: dim_native=1008.6250 x facteur=1.0 = 1008.625mm vs catalogue=1000.000mm (ecart 0.86%)
D633,4,P16B_deduit_par_recoupement_catalogue: dim_native=2000.0000 x facteur=1.0 = 2000.000mm vs catalogue=2000.000mm (ecart 0.00%)
D712,4,P16B_deduit_par_recoupement_catalogue: dim_native=2000.0000 x facteur=1.0 = 2000.000mm vs catalogue=2000.000mm (ecart 0.00%)
1344,5,P16B_deduit_par_recoupement_catalogue: dim_native=150.0000 x facteur=10.0 = 1500.000mm vs catalogue=1500.000mm (ecart 0.00%)
1209,5,P16B_deduit_par_recoupement_catalogue: dim_native=175.0000 x facteur=10.0 = 1750.000mm vs catalogue=1750.000mm (ecart 0.00%)
1105,5,P16B_deduit_par_recoupement_catalogue: dim_native=150.0000 x facteur=10.0 = 1500.000mm vs catalogue=1500.000mm (ecart 0.00%)
D702,5,P16B_deduit_par_recoupement_catalogue: dim_native=175.0000 x facteur=10.0 = 1750.000mm vs catalogue=1750.000mm (ecart 0.00%)
D616,4,P16B_deduit_par_recoupement_catalogue: dim_native=1750.0000 x facteur=1.0 = 1750.000mm vs catalogue=1750.000mm (ecart 0.00%)
D650,5,P16B_deduit_par_recoupement_catalogue: dim_native=200.0000 x facteur=10.0 = 2000.000mm vs catalogue=2000.000mm (ecart 0.00%)
M209,4,P16B_deduit_par_recoupement_catalogue: dim_native=640.0000 x facteur=1.0 = 640.000mm vs catalogue=640.000mm (ecart 0.00%)
D540,5,P16B_deduit_par_recoupement_catalogue: dim_native=175.0000 x facteur=10.0 = 1750.000mm vs catalogue=1750.000mm (ecart 0.00%)
D703,5,P16B_deduit_par_recoupement_catalogue: dim_native=175.0000 x facteur=10.0 = 1750.000mm vs catalogue=1750.000mm (ecart 0.00%)
1345,5,P16B_deduit_par_recoupement_catalogue: dim_native=200.0000 x facteur=10.0 = 2000.000mm vs catalogue=2000.000mm (ecart 0.00%)
D814,5,P16B_deduit_par_recoupement_catalogue: dim_native=200.0000 x facteur=10.0 = 2000.000mm vs catalogue=2000.000mm (ecart 0.00%)
D628,4,P16B_deduit_par_recoupement_catalogue: dim_native=2000.0000 x facteur=1.0 = 2000.000mm vs catalogue=2000.000mm (ecart 0.00%)
D578,5,P16B_deduit_par_recoupement_catalogue: dim_native=200.0000 x facteur=10.0 = 2000.000mm vs catalogue=2000.000mm (ecart 0.00%)
CL1213D,4,P16B_deduit_par_recoupement_catalogue: dim_native=1803.8943 x facteur=1.0 = 1803.894mm vs catalogue=1800.000mm (ecart 0.22%)
M401P,5,P16B_deduit_par_recoupement_catalogue: dim_native=120.0000 x facteur=10.0 = 1200.000mm vs catalogue=1200.000mm (ecart 0.00%)
1151,5,P16B_deduit_par_recoupement_catalogue: dim_native=165.0020 x facteur=10.0 = 1650.020mm vs catalogue=1650.000mm (ecart 0.00%)
D606,4,P16B_deduit_par_recoupement_catalogue: dim_native=2000.0000 x facteur=1.0 = 2000.000mm vs catalogue=2000.000mm (ecart 0.00%)
D889,5,P16B_deduit_par_recoupement_catalogue: dim_native=200.0152 x facteur=10.0 = 2000.152mm vs catalogue=2000.000mm (ecart 0.01%)
D897,5,P16B_deduit_par_recoupement_catalogue: dim_native=200.1209 x facteur=10.0 = 2001.209mm vs catalogue=2000.000mm (ecart 0.06%)
D810,4,P16B_deduit_par_recoupement_catalogue: dim_native=1999.9999 x facteur=1.0 = 2000.000mm vs catalogue=2000.000mm (ecart 0.00%)
D650L,4,P16B_deduit_par_recoupement_catalogue: dim_native=2000.0000 x facteur=1.0 = 2000.000mm vs catalogue=2000.000mm (ecart 0.00%)
M202,5,P16B_deduit_par_recoupement_catalogue: dim_native=49.0000 x facteur=10.0 = 490.000mm vs catalogue=490.000mm (ecart 0.00%)
D626,5,P16B_deduit_par_recoupement_catalogue: dim_native=174.9237 x facteur=10.0 = 1749.237mm vs catalogue=1750.000mm (ecart 0.04%)
1101C,5,P16B_deduit_par_recoupement_catalogue: dim_native=150.0000 x facteur=10.0 = 1500.000mm vs catalogue=1500.000mm (ecart 0.00%)
D881B,5,P16B_deduit_par_recoupement_catalogue: dim_native=200.0000 x facteur=10.0 = 2000.000mm vs catalogue=2000.000mm (ecart 0.00%)
D621,4,P16B_deduit_par_recoupement_catalogue: dim_native=2000.0000 x facteur=1.0 = 2000.000mm vs catalogue=2000.000mm (ecart 0.00%)
D815,4,P16B_deduit_par_recoupement_catalogue: dim_native=2000.0000 x facteur=1.0 = 2000.000mm vs catalogue=2000.000mm (ecart 0.00%)
D886,5,P16B_deduit_par_recoupement_catalogue: dim_native=200.0000 x facteur=10.0 = 2000.000mm vs catalogue=2000.000mm (ecart 0.00%)
D657,4,P16B_deduit_par_recoupement_catalogue: dim_native=2000.0000 x facteur=1.0 = 2000.000mm vs catalogue=2000.000mm (ecart 0.00%)
D605,4,P16B_deduit_par_recoupement_catalogue: dim_native=2000.0000 x facteur=1.0 = 2000.000mm vs catalogue=2000.000mm (ecart 0.00%)
1323,5,P16B_deduit_par_recoupement_catalogue: dim_native=156.6818 x facteur=10.0 = 1566.818mm vs catalogue=1500.000mm (ecart 4.45%)
D754,4,P16B_deduit_par_recoupement_catalogue: dim_native=2000.0000 x facteur=1.0 = 2000.000mm vs catalogue=2000.000mm (ecart 0.00%)
D888,5,P16B_deduit_par_recoupement_catalogue: dim_native=200.0000 x facteur=10.0 = 2000.000mm vs catalogue=2000.000mm (ecart 0.00%)
1130,2,P16B_deduit_par_recoupement_catalogue: dim_native=6.9591 x facteur=304.8 = 2121.131mm vs catalogue=2150.000mm (ecart 1.34%)
1125,5,P16B_deduit_par_recoupement_catalogue: dim_native=215.0000 x facteur=10.0 = 2150.000mm vs catalogue=2150.000mm (ecart 0.00%)
D609,4,P16B_deduit_par_recoupement_catalogue: dim_native=2000.0000 x facteur=1.0 = 2000.000mm vs catalogue=2000.000mm (ecart 0.00%)
D879,4,P16B_deduit_par_recoupement_catalogue: dim_native=2000.5573 x facteur=1.0 = 2000.557mm vs catalogue=2000.000mm (ecart 0.03%)
D900,4,P16B_deduit_par_recoupement_catalogue: dim_native=2000.0000 x facteur=1.0 = 2000.000mm vs catalogue=2000.000mm (ecart 0.00%)
D843,5,P16B_deduit_par_recoupement_catalogue: dim_native=200.0000 x facteur=10.0 = 2000.000mm vs catalogue=2000.000mm (ecart 0.00%)
D716,4,P16B_deduit_par_recoupement_catalogue: dim_native=2000.0000 x facteur=1.0 = 2000.000mm vs catalogue=2000.000mm (ecart 0.00%)
D651,5,P16B_deduit_par_recoupement_catalogue: dim_native=200.0000 x facteur=10.0 = 2000.000mm vs catalogue=2000.000mm (ecart 0.00%)
D710,4,P16B_deduit_par_recoupement_catalogue: dim_native=2000.0000 x facteur=1.0 = 2000.000mm vs catalogue=2000.000mm (ecart 0.00%)
1107,5,P16B_deduit_par_recoupement_catalogue: dim_native=150.0000 x facteur=10.0 = 1500.000mm vs catalogue=1500.000mm (ecart 0.00%)
D566,5,P16B_deduit_par_recoupement_catalogue: dim_native=200.0000 x facteur=10.0 = 2000.000mm vs catalogue=2000.000mm (ecart 0.00%)
D622,4,P16B_deduit_par_recoupement_catalogue: dim_native=1750.0000 x facteur=1.0 = 1750.000mm vs catalogue=1750.000mm (ecart 0.00%)
D652,5,P16B_deduit_par_recoupement_catalogue: dim_native=200.0000 x facteur=10.0 = 2000.000mm vs catalogue=2000.000mm (ecart 0.00%)
D608,4,P16B_deduit_par_recoupement_catalogue: dim_native=2000.0000 x facteur=1.0 = 2000.000mm vs catalogue=2000.000mm (ecart 0.00%)
M504,5,P16B_deduit_par_recoupement_catalogue: dim_native=103.0000 x facteur=10.0 = 1030.000mm vs catalogue=1030.000mm (ecart 0.00%)
D109,5,P16B_deduit_par_recoupement_catalogue: dim_native=200.0000 x facteur=10.0 = 2000.000mm vs catalogue=2000.000mm (ecart 0.00%)
M252,5,P16B_deduit_par_recoupement_catalogue: dim_native=56.0000 x facteur=10.0 = 560.000mm vs catalogue=560.000mm (ecart 0.00%)
1102,5,P16B_deduit_par_recoupement_catalogue: dim_native=150.0000 x facteur=10.0 = 1500.000mm vs catalogue=1500.000mm (ecart 0.00%)
D840,5,P16B_deduit_par_recoupement_catalogue: dim_native=200.0000 x facteur=10.0 = 2000.000mm vs catalogue=2000.000mm (ecart 0.00%)
D632,4,P16B_deduit_par_recoupement_catalogue: dim_native=2000.0000 x facteur=1.0 = 2000.000mm vs catalogue=2000.000mm (ecart 0.00%)
D896,5,P16B_deduit_par_recoupement_catalogue: dim_native=200.0000 x facteur=10.0 = 2000.000mm vs catalogue=2000.000mm (ecart 0.00%)
D711,4,P16B_deduit_par_recoupement_catalogue: dim_native=2000.0000 x facteur=1.0 = 2000.000mm vs catalogue=2000.000mm (ecart 0.00%)
M253,5,P16B_deduit_par_recoupement_catalogue: dim_native=46.0010 x facteur=10.0 = 460.010mm vs catalogue=460.000mm (ecart 0.00%)
D707,4,P16B_deduit_par_recoupement_catalogue: dim_native=2000.0000 x facteur=1.0 = 2000.000mm vs catalogue=2000.000mm (ecart 0.00%)
D550,5,P16B_deduit_par_recoupement_catalogue: dim_native=150.0000 x facteur=10.0 = 1500.000mm vs catalogue=1500.000mm (ecart 0.00%)
1380,5,P16B_deduit_par_recoupement_catalogue: dim_native=3.8672 x facteur=10.0 = 38.672mm vs catalogue=40.000mm (ecart 3.32%)
D656,4,P16B_deduit_par_recoupement_catalogue: dim_native=2000.0000 x facteur=1.0 = 2000.000mm vs catalogue=2000.000mm (ecart 0.00%)
D818,5,P16B_deduit_par_recoupement_catalogue: dim_native=202.9640 x facteur=10.0 = 2029.640mm vs catalogue=2000.000mm (ecart 1.48%)
CL1213C,4,P16B_deduit_par_recoupement_catalogue: dim_native=1803.0721 x facteur=1.0 = 1803.072mm vs catalogue=1800.000mm (ecart 0.17%)
D830,4,P16B_deduit_par_recoupement_catalogue: dim_native=2000.0000 x facteur=1.0 = 2000.000mm vs catalogue=2000.000mm (ecart 0.00%)
D613,5,P16B_deduit_par_recoupement_catalogue: dim_native=200.0000 x facteur=10.0 = 2000.000mm vs catalogue=2000.000mm (ecart 0.00%)
D812,4,P16B_deduit_par_recoupement_catalogue: dim_native=2000.1986 x facteur=1.0 = 2000.199mm vs catalogue=2000.000mm (ecart 0.01%)
1204,5,P16B_deduit_par_recoupement_catalogue: dim_native=154.0320 x facteur=10.0 = 1540.320mm vs catalogue=1500.000mm (ecart 2.69%)
D835,5,P16B_deduit_par_recoupement_catalogue: dim_native=200.0000 x facteur=10.0 = 2000.000mm vs catalogue=2000.000mm (ecart 0.00%)
M071,4,P16B_deduit_par_recoupement_catalogue: dim_native=880.0000 x facteur=1.0 = 880.000mm vs catalogue=880.000mm (ecart 0.00%)
1120,5,P16B_deduit_par_recoupement_catalogue: dim_native=215.0000 x facteur=10.0 = 2150.000mm vs catalogue=2150.000mm (ecart 0.00%)
M250,5,P16B_deduit_par_recoupement_catalogue: dim_native=77.0000 x facteur=10.0 = 770.000mm vs catalogue=770.000mm (ecart 0.00%)
D751,4,P16B_deduit_par_recoupement_catalogue: dim_native=2000.0000 x facteur=1.0 = 2000.000mm vs catalogue=2000.000mm (ecart 0.00%)
M403,5,P16B_deduit_par_recoupement_catalogue: dim_native=86.8624 x facteur=10.0 = 868.624mm vs catalogue=870.000mm (ecart 0.16%)
1103,5,P16B_deduit_par_recoupement_catalogue: dim_native=150.0000 x facteur=10.0 = 1500.000mm vs catalogue=1500.000mm (ecart 0.00%)
M302,5,P16B_deduit_par_recoupement_catalogue: dim_native=70.0000 x facteur=10.0 = 700.000mm vs catalogue=700.000mm (ecart 0.00%)
D882,5,P16B_deduit_par_recoupement_catalogue: dim_native=200.0000 x facteur=10.0 = 2000.000mm vs catalogue=2000.000mm (ecart 0.00%)
D749,4,P16B_deduit_par_recoupement_catalogue: dim_native=2000.0000 x facteur=1.0 = 2000.000mm vs catalogue=2000.000mm (ecart 0.00%)
D717,5,P16B_deduit_par_recoupement_catalogue: dim_native=200.0000 x facteur=10.0 = 2000.000mm vs catalogue=2000.000mm (ecart 0.00%)
1112,5,P16B_deduit_par_recoupement_catalogue: dim_native=115.0000 x facteur=10.0 = 1150.000mm vs catalogue=1150.000mm (ecart 0.00%)
D618,5,P16B_deduit_par_recoupement_catalogue: dim_native=200.0000 x facteur=10.0 = 2000.000mm vs catalogue=2000.000mm (ecart 0.00%)
D114,5,P16B_deduit_par_recoupement_catalogue: dim_native=200.0000 x facteur=10.0 = 2000.000mm vs catalogue=2000.000mm (ecart 0.00%)
D753,4,P16B_deduit_par_recoupement_catalogue: dim_native=2000.0000 x facteur=1.0 = 2000.000mm vs catalogue=2000.000mm (ecart 0.00%)
1327,5,P16B_deduit_par_recoupement_catalogue: dim_native=200.0060 x facteur=10.0 = 2000.060mm vs catalogue=2000.000mm (ecart 0.00%)
D612,4,P16B_deduit_par_recoupement_catalogue: dim_native=2000.0000 x facteur=1.0 = 2000.000mm vs catalogue=2000.000mm (ecart 0.00%)
D801,5,P16B_deduit_par_recoupement_catalogue: dim_native=200.0000 x facteur=10.0 = 2000.000mm vs catalogue=2000.000mm (ecart 0.00%)
D513,5,P16B_deduit_par_recoupement_catalogue: dim_native=176.1000 x facteur=10.0 = 1761.000mm vs catalogue=1750.000mm (ecart 0.63%)
D505,4,P16B_deduit_par_recoupement_catalogue: dim_native=2000.6175 x facteur=1.0 = 2000.618mm vs catalogue=2000.000mm (ecart 0.03%)
D560,5,P16B_deduit_par_recoupement_catalogue: dim_native=200.0000 x facteur=10.0 = 2000.000mm vs catalogue=2000.000mm (ecart 0.00%)
D117,4,P16B_deduit_par_recoupement_catalogue: dim_native=2000.0000 x facteur=1.0 = 2000.000mm vs catalogue=2000.000mm (ecart 0.00%)
D898,5,P16B_deduit_par_recoupement_catalogue: dim_native=200.0000 x facteur=10.0 = 2000.000mm vs catalogue=2000.000mm (ecart 0.00%)
D530,4,P16B_deduit_par_recoupement_catalogue: dim_native=2001.6000 x facteur=1.0 = 2001.600mm vs catalogue=2000.000mm (ecart 0.08%)
1341,5,P16B_deduit_par_recoupement_catalogue: dim_native=150.0000 x facteur=10.0 = 1500.000mm vs catalogue=1500.000mm (ecart 0.00%)
1325,5,P16B_deduit_par_recoupement_catalogue: dim_native=150.0000 x facteur=10.0 = 1500.000mm vs catalogue=1500.000mm (ecart 0.00%)
CL1213A,4,P16B_deduit_par_recoupement_catalogue: dim_native=1803.8239 x facteur=1.0 = 1803.824mm vs catalogue=1800.000mm (ecart 0.21%)
D631,4,P16B_deduit_par_recoupement_catalogue_apres_retraitement_padding: dim_native=2000.0000 x facteur=1.0 = 2000.000mm vs catalogue=2000.000mm (ecart 0.00%)
BL140,5,P16B_deduit_par_recoupement_catalogue_apres_retraitement_padding: dim_native=293.4256 x facteur=10.0 = 2934.256mm vs catalogue=2800.000mm (ecart 4.79%)
D705,5,P16B_deduit_par_recoupement_catalogue_apres_retraitement_padding: dim_native=200.0000 x facteur=10.0 = 2000.000mm vs catalogue=2000.000mm (ecart 0.00%)
D125,5,P16B_deduit_par_recoupement_catalogue_apres_retraitement_padding: dim_native=200.0000 x facteur=10.0 = 2000.000mm vs catalogue=2000.000mm (ecart 0.00%)
D123,5,P16B_deduit_par_recoupement_catalogue_apres_retraitement_padding: dim_native=200.0000 x facteur=10.0 = 2000.000mm vs catalogue=2000.000mm (ecart 0.00%)
D562,5,P16B_deduit_par_recoupement_catalogue_apres_retraitement_padding: dim_native=200.0000 x facteur=10.0 = 2000.000mm vs catalogue=2000.000mm (ecart 0.00%)
1165,5,P16B_deduit_par_recoupement_catalogue_apres_retraitement_padding: dim_native=215.0000 x facteur=10.0 = 2150.000mm vs catalogue=2150.000mm (ecart 0.00%)
1366,5,P16B_deduit_par_recoupement_catalogue_apres_retraitement_padding: dim_native=215.0000 x facteur=10.0 = 2150.000mm vs catalogue=2150.000mm (ecart 0.00%)
D561,5,P16B_deduit_par_recoupement_catalogue_apres_retraitement_padding: dim_native=200.0000 x facteur=10.0 = 2000.000mm vs catalogue=2000.000mm (ecart 0.00%)
D572,5,P16B_deduit_par_recoupement_catalogue_apres_retraitement_padding: dim_native=200.0000 x facteur=10.0 = 2000.000mm vs catalogue=2000.000mm (ecart 0.00%)
D709,4,P16B_deduit_par_recoupement_catalogue_apres_retraitement_padding: dim_native=2000.0000 x facteur=1.0 = 2000.000mm vs catalogue=2000.000mm (ecart 0.00%)
D100,5,P16B_deduit_par_recoupement_catalogue_apres_retraitement_padding: dim_native=200.0000 x facteur=10.0 = 2000.000mm vs catalogue=2000.000mm (ecart 0.00%)
D653,5,P16B_deduit_par_recoupement_catalogue_apres_retraitement_padding: dim_native=200.0000 x facteur=10.0 = 2000.000mm vs catalogue=2000.000mm (ecart 0.00%)
D124,5,P16B_deduit_par_recoupement_catalogue_apres_retraitement_padding: dim_native=200.0000 x facteur=10.0 = 2000.000mm vs catalogue=2000.000mm (ecart 0.00%)
1365,5,P16B_deduit_par_recoupement_catalogue_apres_retraitement_padding: dim_native=175.0000 x facteur=10.0 = 1750.000mm vs catalogue=1750.000mm (ecart 0.00%)
D706,4,P16B_deduit_par_recoupement_catalogue_apres_retraitement_padding: dim_native=2000.0000 x facteur=1.0 = 2000.000mm vs catalogue=2000.000mm (ecart 0.00%)
1156,5,P16B_deduit_par_recoupement_catalogue_apres_retraitement_padding: dim_native=150.0000 x facteur=10.0 = 1500.000mm vs catalogue=1500.000mm (ecart 0.00%)
D563,4,P16B_deduit_par_recoupement_catalogue_apres_retraitement_padding: dim_native=2000.0000 x facteur=1.0 = 2000.000mm vs catalogue=2000.000mm (ecart 0.00%)
D122,5,P16B_deduit_par_recoupement_catalogue_apres_retraitement_padding: dim_native=200.0000 x facteur=10.0 = 2000.000mm vs catalogue=2000.000mm (ecart 0.00%)
D564,5,P16B_deduit_par_recoupement_catalogue_apres_retraitement_padding: dim_native=200.0000 x facteur=10.0 = 2000.000mm vs catalogue=2000.000mm (ecart 0.00%)
D576,5,P16B_deduit_par_recoupement_catalogue_apres_retraitement_padding: dim_native=200.0000 x facteur=10.0 = 2000.000mm vs catalogue=2000.000mm (ecart 0.00%)
D620,4,P16B_deduit_par_recoupement_catalogue_apres_retraitement_padding: dim_native=2000.0000 x facteur=1.0 = 2000.000mm vs catalogue=2000.000mm (ecart 0.00%)
1367,5,P16B_deduit_par_recoupement_catalogue_apres_retraitement_padding: dim_native=215.0000 x facteur=10.0 = 2150.000mm vs catalogue=2150.000mm (ecart 0.00%)
D121,5,P16B_deduit_par_recoupement_catalogue_apres_retraitement_padding: dim_native=200.0000 x facteur=10.0 = 2000.000mm vs catalogue=2000.000mm (ecart 0.00%)
D565,4,P16B_deduit_par_recoupement_catalogue_apres_retraitement_padding: dim_native=2000.0000 x facteur=1.0 = 2000.000mm vs catalogue=2000.000mm (ecart 0.00%)
D567,5,P16B_deduit_par_recoupement_catalogue_apres_retraitement_padding: dim_native=200.0000 x facteur=10.0 = 2000.000mm vs catalogue=2000.000mm (ecart 0.00%)
1324,5,P16B_deduit_par_recoupement_catalogue_apres_retraitement_padding: dim_native=200.0000 x facteur=10.0 = 2000.000mm vs catalogue=2000.000mm (ecart 0.00%)
D577,5,P16B_deduit_par_recoupement_catalogue_apres_retraitement_padding: dim_native=200.0000 x facteur=10.0 = 2000.000mm vs catalogue=2000.000mm (ecart 0.00%)
D901,5,P16B_deduit_par_recoupement_catalogue_apres_retraitement_padding: dim_native=200.0000 x facteur=10.0 = 2000.000mm vs catalogue=2000.000mm (ecart 0.00%)
D718,5,P16B_deduit_par_recoupement_catalogue_apres_retraitement_padding: dim_native=200.0000 x facteur=10.0 = 2000.000mm vs catalogue=2000.000mm (ecart 0.00%)
D573,5,P16B_deduit_par_recoupement_catalogue_apres_retraitement_padding: dim_native=200.0000 x facteur=10.0 = 2000.000mm vs catalogue=2000.000mm (ecart 0.00%)
1364,5,P16B_deduit_par_recoupement_catalogue_apres_retraitement_padding: dim_native=215.0000 x facteur=10.0 = 2150.000mm vs catalogue=2150.000mm (ecart 0.00%)
D579,4,P16B_deduit_par_recoupement_catalogue_apres_retraitement_padding: dim_native=2000.0000 x facteur=1.0 = 2000.000mm vs catalogue=2000.000mm (ecart 0.00%)
D720,5,P16B_deduit_par_recoupement_catalogue_apres_retraitement_padding: dim_native=200.0000 x facteur=10.0 = 2000.000mm vs catalogue=2000.000mm (ecart 0.00%)
D568,4,P16B_deduit_par_recoupement_catalogue_apres_retraitement_padding: dim_native=2000.0000 x facteur=1.0 = 2000.000mm vs catalogue=2000.000mm (ecart 0.00%)
