sku,sku_affichage,present_tableau_BE_stl_flag,stl_confirme_crawl_ged_archive,nom_fichier_ged_archive,profil_json_existant,source_fichier_reel_utilise,statut_json,statut_gate,dans_index_43,dans_ged_458_catalogue_data,action_proposee
0710,0710,True,True,Niches - 0710.stl,False,,,,False,False,a_importer_puis_extraire_section
0712,0712,True,True,Niches - 0712.stl,False,,,,False,False,a_importer_puis_extraire_section
0714,0714,True,True,Niches - 0714.stl,False,,,,False,False,a_importer_puis_extraire_section
0724,0724,True,True,Niches - 0724.stl,False,,,,False,False,a_importer_puis_extraire_section
0726,0726,True,True,Niches - 0726.stl,False,,,,False,False,a_importer_puis_extraire_section
0732,0732,True,True,Niches - 0732.stl,False,,,,False,False,a_importer_puis_extraire_section
0734,0734,True,True,Niches - 0734.stl,False,,,,False,False,a_importer_puis_extraire_section
0742,0742,True,True,Niches - 0742.stl,False,,,,False,False,a_importer_puis_extraire_section
0744,0744,True,True,Niches - 0744.stl,False,,,,False,False,a_importer_puis_extraire_section
0760,0760,False,False,,False,,,,False,True,a_qualifier_be
0800,0800,False,False,,False,,,,False,True,a_qualifier_be
0900,0900,False,False,,True,0900.dxf,ERREUR_SELECTION,SUSPECT_GEOMETRIE,False,True,a_qualifier_be
0905,0905,False,False,,False,,,,False,True,a_qualifier_be
0950,0950,False,False,,False,,,,False,True,a_qualifier_be
1000,1000,False,False,,True,1000.dxf,OK,OK,True,True,deja_visible
1005,1005,False,False,,True,1005.dxf,ERREUR_SELECTION,SUSPECT_GEOMETRIE,False,True,a_qualifier_be
1025,1025,False,False,,False,,,,False,True,a_qualifier_be
1050,1050,False,False,,False,,,,False,True,a_qualifier_be
1101,1101,True,False,,False,,,,False,False,a_qualifier_be
1101-1108,1108,False,True,Moulures - 1108.stl,False,,,,False,False,a_importer_puis_extraire_section
1101BH,1101BH,True,True,Moulures - 1101BH.stl,False,,,,False,True,a_importer_puis_extraire_section
1101C,1101C,True,True,Cimaises - 1101C.stl,False,,,,False,True,a_importer_puis_extraire_section
1101D,1101D,True,True,Moulures - 1101D.stl,False,,,,False,True,a_importer_puis_extraire_section
1101E,1101E,True,False,,False,,,,False,True,a_qualifier_be
1101E-1,1101E,False,True,Moulures - 1101E.stl,False,,,,False,False,a_importer_puis_extraire_section
1101H,1101H,True,True,Moulures - 1101H.stl,False,,,,False,True,a_importer_puis_extraire_section
1102,1102,True,True,Moulures - 1102.stl,False,,,,False,True,a_importer_puis_extraire_section
1102BH,1102BH,False,False,,True,1102BH.stl,ERREUR_UNITES,SUSPECT_GEOMETRIE,False,True,corriger_unites
1103,1103,True,True,Moulures - 1103.stl,False,,,,False,True,a_importer_puis_extraire_section
1103BH,1103BH,False,False,,False,,,,False,True,a_qualifier_be
1103C,1103C,False,False,,False,,,,False,True,a_qualifier_be
1103H,1103H,True,True,Moulures - 1103H.stl,False,,,,False,True,a_importer_puis_extraire_section
1104,1104,True,True,Moulures - 1104.stl,False,,,,False,True,a_importer_puis_extraire_section
1104B,1104B,True,False,,False,,,,False,True,a_qualifier_be
1104B-706,1104B,False,True,Moulures - 1104B.stl,False,,,,False,False,a_importer_puis_extraire_section
1105,1105,True,True,Moulures - 1105.stl,False,,,,False,True,a_importer_puis_extraire_section
1106,1106,False,False,,False,,,,False,True,a_qualifier_be
1107,1107,True,True,Moulures - 1107.stl,False,,,,False,True,a_importer_puis_extraire_section
1107E,1107E,False,False,,False,,,,False,True,a_qualifier_be
1107P,1107P,True,True,Moulures - 1107P.stl,False,,,,False,True,a_importer_puis_extraire_section
1108,1108,True,False,,False,,,,False,False,a_qualifier_be
1112,1112,True,True,Moulures - 1112.stl,False,,,,False,True,a_importer_puis_extraire_section
1115P,1115P,False,False,,False,,,,False,True,a_qualifier_be
1120,1120,True,True,Moulures - 1120.stl,False,,,,False,True,a_importer_puis_extraire_section
1121,1121,True,True,Moulures - 1121.stl,False,,,,False,True,a_importer_puis_extraire_section
1124,1124,True,True,Moulures - 1124.stl,False,,,,False,True,a_importer_puis_extraire_section
1125,1125,True,True,Moulures - 1125.stl,False,,,,False,True,a_importer_puis_extraire_section
1130,1130,True,True,Moulures - 1130.stl,False,,,,False,True,a_importer_puis_extraire_section
1131,1131,False,False,,False,,,,False,True,a_qualifier_be
1132,1132,True,False,,False,,,,False,True,a_qualifier_be
1132-685,1132,False,True,Moulures - 1132.stl,False,,,,False,False,a_importer_puis_extraire_section
1140C,1140C,False,False,,False,,,,False,True,a_qualifier_be
1141C,1141C,False,False,,False,,,,False,True,a_qualifier_be
1145C,1145c,False,False,,True,1145C-pièce.dxf,ERREUR_SELECTION,SUSPECT_GEOMETRIE,False,True,a_qualifier_be
1150,1150,False,False,,False,,,,False,True,a_qualifier_be
1151,1151,True,True,Moulures - 1151.stl,False,,,,False,True,a_importer_puis_extraire_section
1155,1155,True,True,Moulures - 1155.stl,False,,,,False,True,a_importer_puis_extraire_section
1156,1156,True,True,Moulures - 1156.stl,False,,,,False,True,a_importer_puis_extraire_section
1165,1165,True,True,Moulures - 1165.stl,False,,,,False,True,a_importer_puis_extraire_section
1166,1166,True,True,Moulures - 1166.stl,False,,,,False,True,a_importer_puis_extraire_section
1200,1200,True,True,Moulures - 1200.stl,False,,,,False,True,a_importer_puis_extraire_section
1200BH,1200BH,False,False,,False,,,,False,True,a_qualifier_be
1201,1201,True,True,Moulures - 1201.stl,False,,,,False,True,a_importer_puis_extraire_section
1202,1202,True,True,Moulures - 1202.stl,True,1202.stl,ERREUR_UNITES,SUSPECT_GEOMETRIE,False,True,corriger_unites
1202BH,1202BH,False,False,,False,,,,False,True,a_qualifier_be
1204,1204,True,True,Moulures - 1204.stl,False,,,,False,True,a_importer_puis_extraire_section
1204BH,1204BH,True,True,Moulures - 1204BH.stl,False,,,,False,True,a_importer_puis_extraire_section
1204H,1204H,True,True,Moulures - 1204H.stl,False,,,,False,True,a_importer_puis_extraire_section
1206,1206,True,False,,False,,,,False,True,a_qualifier_be
1206-459,1206,False,True,Moulures - 1206.stl,False,,,,False,False,a_importer_puis_extraire_section
1206R,1206R,False,False,,False,,,,False,True,a_qualifier_be
1206S,1206S,False,False,,False,,,,False,True,a_qualifier_be
1207,1207,True,True,Moulures - 1207.stl,False,,,,False,True,a_importer_puis_extraire_section
1207BH,1207BH,False,False,,False,,,,False,True,a_qualifier_be
1207E,1207E,False,False,,False,,,,False,True,a_qualifier_be
1208,1208,True,True,Moulures - 1208.stl,False,,,,False,True,a_importer_puis_extraire_section
1209,1209,True,True,Moulures - 1209.stl,False,,,,False,True,a_importer_puis_extraire_section
1210,1210,True,True,Moulures - 1210.stl,False,,,,False,True,a_importer_puis_extraire_section
1210BH,1210BH,False,False,,False,,,,False,True,a_qualifier_be
1211,1211,False,False,,False,,,,False,True,a_qualifier_be
1212,1212,False,False,,False,,,,False,True,a_qualifier_be
1213,1213,True,False,,False,,,,False,True,a_qualifier_be
1213-10,1213,False,True,Moulures - 1213.stl,False,,,,False,False,a_importer_puis_extraire_section
1213BH,1213BH,True,False,,False,,,,False,True,a_qualifier_be
1213BH-1,1213BH,False,True,Moulures - 1213BH.stl,False,,,,False,False,a_importer_puis_extraire_section
1213G,1213G,True,False,,False,,,,False,True,a_qualifier_be
1213G-1,1213G,False,True,Moulures - 1213G.stl,False,,,,False,False,a_importer_puis_extraire_section
1214,1214,False,False,,False,,,,False,True,a_qualifier_be
1215,1215,False,False,,False,,,,False,True,a_qualifier_be
1216,1216,False,False,,False,,,,False,True,a_qualifier_be
1220,1220,True,False,,False,,,,False,True,a_qualifier_be
1220-1,1220,False,True,Moulures - 1220.stl,False,,,,False,False,a_importer_puis_extraire_section
1221,1221,True,True,Moulures - 1221.stl,False,,,,False,True,a_importer_puis_extraire_section
1301,1301,True,True,Moulures - 1301.stl,False,,,,False,True,a_importer_puis_extraire_section
1304,1304,True,True,Moulures - 1304.stl,False,,,,False,True,a_importer_puis_extraire_section
1310,1310,True,True,Moulures - 1310.stl,False,,,,False,True,a_importer_puis_extraire_section
1318,1318,False,False,,False,,,,False,True,a_qualifier_be
1319,1319,False,False,,False,,,,False,True,a_qualifier_be
1321,1321,True,True,Moulures - 1321.stl,False,,,,False,True,a_importer_puis_extraire_section
1323,1323,True,True,Moulures - 1323.stl,False,,,,False,True,a_importer_puis_extraire_section
1324,1324,True,True,Moulures - 1324.stl,False,,,,False,True,a_importer_puis_extraire_section
1325,1325,True,True,Moulures - 1325.stl,False,,,,False,True,a_importer_puis_extraire_section
1326,1326,False,False,,False,,,,False,True,a_qualifier_be
1327,1327,False,True,Moulures - 1327.stl,False,,,,False,True,a_importer_puis_extraire_section
1340,1340,False,False,,False,,,,False,True,a_qualifier_be
1341,1341,True,True,Moulures - 1341.stl,False,,,,False,True,a_importer_puis_extraire_section
1343,1343,True,True,Moulures - 1343.stl,False,,,,False,True,a_importer_puis_extraire_section
1344,1344,True,True,Moulures - 1344.stl,False,,,,False,True,a_importer_puis_extraire_section
1345,1345,True,True,Moulures - 1345.stl,False,,,,False,True,a_importer_puis_extraire_section
1346,1346,False,False,,False,,,,False,True,a_qualifier_be
1348,1348,True,True,Moulures - 1348.stl,False,,,,False,True,a_importer_puis_extraire_section
1350,1350,False,False,,False,,,,False,True,a_qualifier_be
1361,1361,False,False,,False,,,,False,True,a_qualifier_be
1362,1362,False,False,,False,,,,False,True,a_qualifier_be
1363,1363,False,False,,False,,,,False,True,a_qualifier_be
1364,1364,True,True,Moulures - 1364.stl,False,,,,False,True,a_importer_puis_extraire_section
1365,1365,True,True,Moulures - 1365.stl,False,,,,False,True,a_importer_puis_extraire_section
1366,1366,True,True,Moulures - 1366.stl,False,,,,False,True,a_importer_puis_extraire_section
1367,1367,True,True,Moulures - 1367.stl,False,,,,False,True,a_importer_puis_extraire_section
1370,1370,False,False,,False,,,,False,True,a_qualifier_be
1380,1380,True,True,Moulures - 1380.stl,False,,,,False,True,a_importer_puis_extraire_section
1381,1381,False,False,,False,,,,False,True,a_qualifier_be
1382,1382,False,False,,False,,,,False,True,a_qualifier_be
1383,1383,False,False,,False,,,,False,True,a_qualifier_be
1384,1384,False,False,,False,,,,False,True,a_qualifier_be
1385,1385,False,False,,False,,,,False,True,a_qualifier_be
1400,1400,False,False,,False,,,,False,True,a_qualifier_be
1401,1401,False,False,,False,,,,False,True,a_qualifier_be
1402,1402,False,False,,False,,,,False,True,a_qualifier_be
1403,1403,False,False,,False,,,,False,True,a_qualifier_be
1404,1404,False,False,,False,,,,False,True,a_qualifier_be
1405,1405,False,False,,False,,,,False,True,a_qualifier_be
1406,1406,False,False,,False,,,,False,True,a_qualifier_be
1407,1407,False,False,,False,,,,False,True,a_qualifier_be
1408,1408,False,False,,False,,,,False,True,a_qualifier_be
1409,1409,True,False,,False,,,,False,True,a_qualifier_be
1409-1,1409,False,True,Ornements - 1409.stl,False,,,,False,False,a_importer_puis_extraire_section
1410,1410,False,False,,False,,,,False,True,a_qualifier_be
1412,1412,False,False,,False,,,,False,True,a_qualifier_be
1413,1413,False,False,,False,,,,False,True,a_qualifier_be
1414,1414,False,False,,False,,,,False,True,a_qualifier_be
1415,1415,False,False,,False,,,,False,True,a_qualifier_be
1416,1416,False,False,,False,,,,False,True,a_qualifier_be
1417,1417,False,False,,False,,,,False,True,a_qualifier_be
1418,1418,False,False,,False,,,,False,True,a_qualifier_be
1419,1419,False,False,,False,,,,False,True,a_qualifier_be
1420,1420,False,False,,False,,,,False,True,a_qualifier_be
1421,1421,False,False,,False,,,,False,True,a_qualifier_be
1436,1436,False,False,,False,,,,False,True,a_qualifier_be
1443,1443,False,False,,False,,,,False,True,a_qualifier_be
20-54,20-54,False,False,,True,20-54.dxf,ERREUR_SELECTION,SUSPECT_GEOMETRIE,False,False,a_qualifier_be
2000,2000,False,False,,False,,,,False,True,a_qualifier_be
2020,2020,False,False,,False,,,,False,True,a_qualifier_be
2030,2030,False,False,,False,,,,False,True,a_qualifier_be
3000,3000,False,False,,False,,,,False,True,a_qualifier_be
3068,3068,False,False,,False,,,,False,True,a_qualifier_be
3900,3900,True,True,Frontons - 3900.stl,False,,,,False,False,a_importer_puis_extraire_section
3904,3904,True,True,Frontons - 3904.stl,False,,,,False,False,a_importer_puis_extraire_section
3906,3906,False,False,,False,,,,False,True,a_qualifier_be
3907,3907,True,True,Frontons - 3907.stl,False,,,,False,False,a_importer_puis_extraire_section
4200,4200,False,False,,False,,,,False,True,a_qualifier_be
4201,4201,False,False,,False,,,,False,True,a_qualifier_be
6200,6200,True,True,Niches - 6200.stl,False,,,,False,False,a_importer_puis_extraire_section
7001,7001,True,False,,False,,,,False,False,a_qualifier_be
7001-7,7001,False,True,Balustres - 7001.stl,False,,,,False,False,a_importer_puis_extraire_section
7002,7002,True,True,Balustres - 7002.stl,False,,,,False,False,a_importer_puis_extraire_section
7003,7003,True,True,Balustres - 7003.stl,False,,,,False,False,a_importer_puis_extraire_section
7035,7035,True,False,,False,,,,False,False,a_qualifier_be
7036,7036,True,False,,False,,,,False,True,a_qualifier_be
7036PLIN,7036PLIN,True,False,,False,,,,False,True,a_qualifier_be
7036U,7036U,True,False,,False,,,,False,True,a_qualifier_be
7038,7038,False,False,,False,,,,False,True,a_qualifier_be
7040,7040,False,False,,False,,,,False,True,a_qualifier_be
7041,7041,False,False,,False,,,,False,True,a_qualifier_be
7051,7051,True,False,,False,,,,False,False,a_qualifier_be
7070,7070,True,False,,False,,,,False,True,a_qualifier_be
7071,7071,True,False,,False,,,,False,True,a_qualifier_be
7072,7072,True,False,,False,,,,False,True,a_qualifier_be
7073,7073,True,False,,False,,,,False,True,a_qualifier_be
7074,7074,True,False,,False,,,,False,True,a_qualifier_be
7075,7075,True,False,,False,,,,False,True,a_qualifier_be
7078,7078,True,False,,False,,,,False,True,a_qualifier_be
7079,7079,False,False,,False,,,,False,True,a_qualifier_be
7080,7080,False,False,,False,,,,False,True,a_qualifier_be
7091,7091,False,False,,False,,,,False,True,a_qualifier_be
9021,9021,False,False,,False,,,,False,True,a_qualifier_be
9201,9201,False,False,,False,,,,False,True,a_qualifier_be
9202,9202,False,False,,False,,,,False,True,a_qualifier_be
9203,9203,False,False,,False,,,,False,True,a_qualifier_be
9204,9204,False,False,,False,,,,False,True,a_qualifier_be
9205,9205,False,False,,False,,,,False,True,a_qualifier_be
9206,9206,False,False,,False,,,,False,True,a_qualifier_be
9211,9211,False,False,,False,,,,False,True,a_qualifier_be
9212,9212,False,False,,False,,,,False,True,a_qualifier_be
9213,9213,False,False,,False,,,,False,True,a_qualifier_be
9214,9214,False,False,,False,,,,False,True,a_qualifier_be
9215,9215,False,False,,False,,,,False,True,a_qualifier_be
9216,9216,False,False,,False,,,,False,True,a_qualifier_be
9221,9221,False,False,,False,,,,False,True,a_qualifier_be
9222,9222,False,False,,False,,,,False,True,a_qualifier_be
9223,9223,False,False,,False,,,,False,True,a_qualifier_be
9224,9224,False,False,,False,,,,False,True,a_qualifier_be
9225,9225,False,False,,False,,,,False,True,a_qualifier_be
9226,9226,False,False,,False,,,,False,True,a_qualifier_be
9227,9227,False,False,,False,,,,False,True,a_qualifier_be
9228,9228,False,False,,False,,,,False,True,a_qualifier_be
9302,9302,False,False,,False,,,,False,True,a_qualifier_be
9304,9304,False,False,,False,,,,False,True,a_qualifier_be
9315C,9315C,False,False,,False,,,,False,True,a_qualifier_be
BL120,BL120,True,True,Profils LED - BL120.stl,False,,,,False,True,a_importer_puis_extraire_section
BL122,BL122,False,False,,False,,,,False,True,a_qualifier_be
BL130,BL130,True,True,Profils LED - BL130.stl,False,,,,False,True,a_importer_puis_extraire_section
BL131,BL131,True,True,Profils LED - BL131.stl,False,,,,False,True,a_importer_puis_extraire_section
BL132,BL132,True,True,Profils LED - BL132.stl,False,,,,False,True,a_importer_puis_extraire_section
BL140,BL140,True,True,Profils LED - BL140.stl,False,,,,False,True,a_importer_puis_extraire_section
BL160,BL160,True,True,Profils LED - BL160.stl,False,,,,False,True,a_importer_puis_extraire_section
BL170,BL170,True,False,,False,,,,False,True,a_qualifier_be
BL170A90E,BL170A90E,True,False,,False,,,,False,False,a_qualifier_be
BL170A90I,BL170A90I,True,False,,False,,,,False,False,a_qualifier_be
BL170R25E,BL170R25E,True,False,,False,,,,False,False,a_qualifier_be
BL170R25I,BL170R25I,True,False,,False,,,,False,False,a_qualifier_be
BL180,BL180,False,False,,False,,,,False,True,a_qualifier_be
BP-PF1-213,BP.PF1,False,True,Profils de finition - BP.PF1.stl,False,,,,False,False,a_importer_puis_extraire_section
BP-PF2-214,BP.PF2,False,True,Profils de finition - BP.PF2.stl,False,,,,False,False,a_importer_puis_extraire_section
BP-PF3-215,BP.PF3,False,True,Profils de finition - BP.PF3.stl,False,,,,False,False,a_importer_puis_extraire_section
BP.PF1,BP.PF1,True,False,,False,,,,False,False,a_qualifier_be
BP.PF2,BP.PF2,True,False,,False,,,,False,False,a_qualifier_be
BP.PF3,BP.PF3,True,False,,False,,,,False,False,a_qualifier_be
BP10,BP10,False,False,,False,,,,False,True,a_qualifier_be
BP20,BP20,False,False,,False,,,,False,True,a_qualifier_be
BP30,BP30,False,False,,False,,,,False,True,a_qualifier_be
BP30P,BP30P,False,False,,False,,,,False,True,a_qualifier_be
CL10,CL10,False,False,,False,,,,False,True,a_qualifier_be
CL11,CL11,False,False,,False,,,,False,True,a_qualifier_be
CL12,CL12,True,True,Parements - CL12.stl,False,,,,False,True,a_importer_puis_extraire_section
CL1213A,CL1213A,True,True,Parements - CL1213A.stl,False,,,,False,True,a_importer_puis_extraire_section
CL1213B,CL1213B,True,True,Parements - CL1213B.stl,False,,,,False,True,a_importer_puis_extraire_section
CL1213C,CL1213C,True,True,Parements - CL1213C.stl,False,,,,False,True,a_importer_puis_extraire_section
CL1213D,CL1213D,True,True,Parements - CL1213D.stl,False,,,,False,True,a_importer_puis_extraire_section
CL1374,CL1374,False,False,,False,,,,False,True,a_qualifier_be
CL30,CL30,False,False,,False,,,,False,True,a_qualifier_be
CL32,CL32,False,False,,False,,,,False,True,a_qualifier_be
CL33,CL33,False,False,,False,,,,False,True,a_qualifier_be
CL34,CL34,False,False,,False,,,,False,True,a_qualifier_be
CL35,CL35,False,False,,False,,,,False,True,a_qualifier_be
CL36,CL36,False,False,,False,,,,False,True,a_qualifier_be
CL39,CL39,True,False,,False,,,,False,True,a_qualifier_be
CL39-968,CL39,False,True,Parements - CL39.stl,False,,,,False,False,a_importer_puis_extraire_section
D100,D100,True,True,Corniche - D100.stl,False,,,,False,True,a_importer_puis_extraire_section
D101,D101,True,False,,False,,,,False,True,a_qualifier_be
D101-1,D101,False,True,Corniches - D101.stl,False,,,,False,False,a_importer_puis_extraire_section
D102,D102,True,False,,False,,,,False,True,a_qualifier_be
D102-1,D102,False,True,Corniches - D102.stl,False,,,,False,False,a_importer_puis_extraire_section
D103,D103,True,False,,False,,,,False,True,a_qualifier_be
D103-1,D103,False,True,Corniches - D103.stl,False,,,,False,False,a_importer_puis_extraire_section
D104,D104,True,False,,False,,,,False,True,a_qualifier_be
D104-1,D104,False,True,Corniches - D104.stl,False,,,,False,False,a_importer_puis_extraire_section
D105A,D105A,True,False,,False,,,,False,False,a_qualifier_be
D105A-B,D105 A-B,False,True,Corniches - D105 A-B.stl,False,,,,False,False,a_importer_puis_extraire_section
D105B,D105B,True,False,,False,,,,False,False,a_qualifier_be
D106,D106,True,True,Corniches - D106.stl,True,D106.stp,OK,SUSPECT_GEOMETRIE,False,True,a_qualifier_be
D107,D107,True,False,,False,,,,False,True,a_qualifier_be
D107-1,D107,False,True,Corniches - D107.stl,False,,,,False,False,a_importer_puis_extraire_section
D108,D108,True,False,,False,,,,False,True,a_qualifier_be
D108-1,D108,False,True,Corniches - D108.stl,False,,,,False,False,a_importer_puis_extraire_section
D109,D109,True,True,Corniches - D109 .stl,False,,,,False,True,a_importer_puis_extraire_section
D110,D110,True,True,Corniches - D110.stl,True,D110.stp,OK,SUSPECT_GEOMETRIE,False,True,a_qualifier_be
D113,D113,True,True,Corniches - D113.stl,False,,,,False,True,a_importer_puis_extraire_section
D113M,D113M,True,True,Corniches - D113M.stl,False,,,,False,True,a_importer_puis_extraire_section
D114,D114,True,True,Corniches - D114.stl,True,D114.stp,OK,OK,True,True,deja_visible
D114M,D114M,True,True,Corniches - D114M.stl,True,D114M.stp,OK,OK,True,True,deja_visible
D116,D116,True,True,Corniches - D116.stl,True,D116.stp,OK,OK,True,True,deja_visible
D117,D117,True,True,Corniches - D117.stl,True,D117.stp,OK,OK,True,True,deja_visible
D118,D118,True,False,,False,,,,False,True,a_qualifier_be
D118-2,D118,False,True,Corniches - D118.stl,False,,,,False,False,a_importer_puis_extraire_section
D121,D121,True,True,Corniches - D121.stl,False,,,,False,True,a_importer_puis_extraire_section
D122,D122,True,True,Corniches - D122.stl,False,,,,False,True,a_importer_puis_extraire_section
D123,D123,True,True,Corniches - D123.stl,False,,,,False,True,a_importer_puis_extraire_section
D124,D124,True,True,Corniches - D124.stl,False,,,,False,True,a_importer_puis_extraire_section
D125,D125,True,True,Corniches - D125.stl,False,,,,False,True,a_importer_puis_extraire_section
D505,D505,True,True,Corniches - D505.stl,True,D505-sansmotif.stp,OK,OK,True,True,deja_visible
D510,D510,True,False,,False,,,,False,True,a_qualifier_be
D510-1,D510,False,True,Corniches - D510.stl,False,,,,False,False,a_importer_puis_extraire_section
D513,D513,True,True,Corniches - D513.stl,False,,,,False,True,a_importer_puis_extraire_section
D515,D515,True,True,Corniches - D515.stl,True,D515.stp,OK,OK,True,True,deja_visible
D520,D520,True,True,Corniches - D520.stl,True,D520.stp,OK,OK,True,True,deja_visible
D525,D525,True,True,Corniches - D525.stl,False,,,,False,True,a_importer_puis_extraire_section
D530,D530,True,True,Corniches - D530.stl,False,,,,False,True,a_importer_puis_extraire_section
D535,D535,True,True,Corniches - D535.stl,False,,,,False,True,a_importer_puis_extraire_section
D540,D540,True,True,Corniches - D540.stl,False,,,,False,True,a_importer_puis_extraire_section
D545,D545,True,True,Corniches - D545.stl,True,D545.stp,OK,OK,True,True,deja_visible
D550,D550,True,True,Corniches - D550.stl,True,D550 sans motif.stp,OK,OK,True,True,deja_visible
D555,D555,True,True,Corniches - D555.stl,True,D555.stp,OK,SUSPECT_GEOMETRIE,False,True,a_qualifier_be
D556,D556,True,False,,False,,,,False,True,a_qualifier_be
D556-2,D556,False,True,Corniches - D556.stl,False,,,,False,False,a_importer_puis_extraire_section
D560,D560,True,True,Corniches - D560.stl,True,D560.stp,OK,SUSPECT_GEOMETRIE,False,True,a_qualifier_be
D561,D561,True,True,Corniches - D561.stl,True,D561.stp,OK,SUSPECT_GEOMETRIE,False,True,a_qualifier_be
D562,D562,True,True,Corniches - D562.stl,True,D562.stp,OK,OK,True,True,deja_visible
D563,D563,True,True,Corniches - D563.stl,False,,,,False,True,a_importer_puis_extraire_section
D564,D564,True,True,Corniches - D564.stl,True,D564.stp,OK,SUSPECT_GEOMETRIE,False,True,a_qualifier_be
D565,D565,True,True,Corniches - D565.stl,True,D565.stp,OK,SUSPECT_GEOMETRIE,False,True,a_qualifier_be
D566,D566,True,True,Corniches - D566.stl,False,,,,False,True,a_importer_puis_extraire_section
D567,D567,True,True,Corniches - D567.stl,False,,,,False,True,a_importer_puis_extraire_section
D568,D568,True,True,Corniches - D568.stl,False,,,,False,True,a_importer_puis_extraire_section
D569,D569,True,True,Corniches - D569.stl,True,D569.stp,OK,OK,True,True,deja_visible
D570,D570,True,False,,False,,,,False,True,a_qualifier_be
D570-1,D570,False,True,Corniches - D570.stl,False,,,,False,False,a_importer_puis_extraire_section
D572,D572,True,True,Corniches - D572.stl,False,,,,False,True,a_importer_puis_extraire_section
D573,D573,True,True,Corniches - D573.stl,False,,,,False,True,a_importer_puis_extraire_section
D574,D574,True,False,,False,,,,False,True,a_qualifier_be
D574-1,D574,False,True,Corniches - D574.stl,False,,,,False,False,a_importer_puis_extraire_section
D575,D575,True,False,,False,,,,False,True,a_qualifier_be
D575-108,D575,False,True,Corniches - D575.stl,False,,,,False,False,a_importer_puis_extraire_section
D576,D576,True,True,Corniches - D576.stl,True,D576.stp,OK,SUSPECT_GEOMETRIE,False,True,a_qualifier_be
D577,D577,True,True,Corniches - D577.stl,True,D577.stp,OK,OK,True,True,deja_visible
D578,D578,True,True,Corniches - D578.stl,True,D578.stp,OK,SUSPECT_GEOMETRIE,False,True,a_qualifier_be
D579,D579,True,True,Corniches - D579.stl,False,,,,False,True,a_importer_puis_extraire_section
D580,D580,True,False,,False,,,,False,True,a_qualifier_be
D580-2,D580 ,False,True,Corniches - D580 .stl,False,,,,False,False,a_importer_puis_extraire_section
D601,D601,True,True,Corniches - D601.stl,False,,,,False,True,a_importer_puis_extraire_section
D604,D604,True,False,,True,D604.stp,OK,SUSPECT_GEOMETRIE,False,True,a_qualifier_be
D605,D605,True,True,Corniches - D605.stl,False,,,,False,True,a_importer_puis_extraire_section
D606,D606,True,True,Corniches - D606.stl,False,,,,False,True,a_importer_puis_extraire_section
D607,D607,True,True,Corniches - D607.stl,True,D607.stp,OK,OK,True,True,deja_visible
D608,D608,True,True,Corniches - D608.stl,True,D608.stp,OK,SUSPECT_GEOMETRIE,False,True,a_qualifier_be
D609,D609,True,True,Corniches - D609.stl,True,D609.stp,OK,OK,True,True,deja_visible
D610,D610,True,True,Corniches - D610.stl,True,D610.stp,OK,OK,True,True,deja_visible
D611,D611,True,True,Corniches - D611.stl,False,,,,False,True,a_importer_puis_extraire_section
D612,D612,True,True,Corniches - D612.stl,True,D612.stp,OK,OK,True,True,deja_visible
D613,D613,True,True,Corniches - D613.stl,False,,,,False,True,a_importer_puis_extraire_section
D614,D614,True,True,Corniches - D614.stl,True,D614.stp,OK,SUSPECT_GEOMETRIE,False,True,a_qualifier_be
D615,D615,True,True,Corniches - D615.stl,False,,,,False,True,a_importer_puis_extraire_section
D616,D616,True,True,Corniches - D616.stl,True,D616.stp,OK,OK,True,True,deja_visible
D616A,D616A,True,True,Corniches - D616A.stl,False,,,,False,True,a_importer_puis_extraire_section
D616B,D616B,True,True,Corniches - D616B.stl,False,,,,False,True,a_importer_puis_extraire_section
D617,D617,True,True,Corniches - D617.stl,True,D617.stp,OK,OK,True,True,deja_visible
D618,D618,True,True,Corniches - D618.stl,False,,,,False,True,a_importer_puis_extraire_section
D620,D620,True,True,Corniches - D620.stl,True,D620.stp,OK,OK,True,True,deja_visible
D621,D621,True,True,Corniches - D621.stl,True,D621.stp,OK,SUSPECT_GEOMETRIE,False,True,a_qualifier_be
D622,D622,True,True,Corniches - D622.stl,True,D622.stp,OK,SUSPECT_GEOMETRIE,False,True,a_qualifier_be
D623(SUPPRIMÉEENGESTION),D623 (supprimée en gestion),True,False,,False,,,,False,False,a_qualifier_be
D624,D624,True,True,Corniches - D624.stl,False,,,,False,True,a_importer_puis_extraire_section
D625,D625,True,True,Corniches - D625.stl,False,,,,False,True,a_importer_puis_extraire_section
D626,D626,True,True,Corniches - D626.stl,True,D626.stp,OK,OK,True,True,deja_visible
D627,D627,True,True,Corniches - D627.stl,False,,,,False,True,a_importer_puis_extraire_section
D627-1,D627,False,True,Corniches - D627.stl,False,,,,False,False,a_importer_puis_extraire_section
D628,D628,True,True,Corniches - D628.stl,True,D628.stp,OK,SUSPECT_GEOMETRIE,False,True,a_qualifier_be
D629,D629,True,True,Corniches - D629.stl,False,,,,False,True,a_importer_puis_extraire_section
D630,D630,True,True,Corniches - D630.stl,True,D630.stp,OK,OK,True,True,deja_visible
D631,D631,True,True,Corniches - D631.stl,True,D631.stp,OK,OK,True,True,deja_visible
D632,D632,True,True,Corniches - D632.stl,False,,,,False,True,a_importer_puis_extraire_section
D633,D633,True,True,Corniches - D633.stl,True,D633.stp,OK,OK,True,True,deja_visible
D650,D650,True,True,Corniches - D650.stl,True,D650.stp,OK,SUSPECT_GEOMETRIE,False,True,a_qualifier_be
D650A,D650A,True,True,Corniches - D650A.stl,False,,,,False,True,a_importer_puis_extraire_section
D650B,D650B,True,True,Corniches - D650B.stl,False,,,,False,True,a_importer_puis_extraire_section
D650L,D650L,True,True,Corniches - D650L.stl,False,,,,False,True,a_importer_puis_extraire_section
D651,D651,True,True,Corniches - D651.stl,True,D651.stp,OK,SUSPECT_GEOMETRIE,False,True,a_qualifier_be
D652,D652,True,True,Corniches - D652.stl,True,D652.stp,OK,SUSPECT_GEOMETRIE,False,True,a_qualifier_be
D652A,D652A,True,True,Corniches - D652A.stl,False,,,,False,True,a_importer_puis_extraire_section
D652B,D652B,True,True,Corniches - D652B.stl,False,,,,False,True,a_importer_puis_extraire_section
D653,D653,True,True,Corniches - D653.stl,True,D653.stp,OK,OK,True,True,deja_visible
D654,D654,True,True,Corniches - D654 .stl,False,,,,False,True,a_importer_puis_extraire_section
D655,D655,True,True,Corniches - D655.stl,False,,,,False,True,a_importer_puis_extraire_section
D656,D656,True,True,Corniches - D656.stl,False,,,,False,True,a_importer_puis_extraire_section
D657,D657,True,True,Corniches - D657.stl,False,,,,False,True,a_importer_puis_extraire_section
D658,D658,True,True,Corniches - D658.stl,False,,,,False,True,a_importer_puis_extraire_section
D702,D702,True,True,Corniches - D702.stl,False,,,,False,True,a_importer_puis_extraire_section
D703,D703,True,True,Corniches - D703.stl,True,D703.stp,OK,SUSPECT_GEOMETRIE,False,True,a_qualifier_be
D704,D704,True,True,Corniches - D704.stl,True,D704.stp,OK,OK,True,True,deja_visible
D705,D705,True,True,Corniches - D705.stl,True,D705.stp,OK,OK,True,True,deja_visible
D706,D706,True,True,Corniches - D706.stl,True,D706.stp,OK,OK,True,True,deja_visible
D707,D707,True,True,Corniches - D707.stl,False,,,,False,True,a_importer_puis_extraire_section
D708,D708,True,True,Corniches - D708.stl,True,D708.stp,OK,OK,True,True,deja_visible
D709,D709,True,True,Corniches - D709.stl,True,D709.stp,OK,OK,True,True,deja_visible
D710,D710,True,True,Corniches - D710.stl,True,D710.stp,OK,OK,True,True,deja_visible
D711,D711,True,True,Corniches - D711.stl,False,,,,False,True,a_importer_puis_extraire_section
D712,D712,True,True,Corniches - D712.stl,True,D712 sans motif.stp,OK,SUSPECT_GEOMETRIE,False,True,a_qualifier_be
D713,D713,True,False,,False,,,,False,True,a_qualifier_be
D713-131,D713,False,True,Corniches - D713.stl,False,,,,False,False,a_importer_puis_extraire_section
D715,D715,True,True,Corniches - D715.stl,True,D715.stp,OK,OK,True,True,deja_visible
D716,D716,True,True,Corniches - D716.stl,False,,,,False,True,a_importer_puis_extraire_section
D717,D717,True,True,Corniches - D717.stl,True,D717.stp,OK,SUSPECT_GEOMETRIE,False,True,a_qualifier_be
D718,D718,True,True,Corniches - D718.stl,True,D718.stp,OK,OK,True,True,deja_visible
D720,D720,True,True,Corniches - D720.stl,True,D720.stp,OK,OK,True,True,deja_visible
D748,D748,True,True,Corniches - D748.stl,True,D748.stp,OK,OK,True,True,deja_visible
D749,D749,True,True,Corniches - D749.stl,False,,,,False,True,a_importer_puis_extraire_section
D751,D751,True,True,Corniches - D751.stl,False,,,,False,True,a_importer_puis_extraire_section
D752,D752,True,True,Corniches - D752.stl,False,,,,False,True,a_importer_puis_extraire_section
D753,D753,True,True,Corniches - D753.stl,False,,,,False,True,a_importer_puis_extraire_section
D754,D754,True,True,Corniches - D754.stl,False,,,,False,True,a_importer_puis_extraire_section
D801,D801,True,True,Corniches - D801.stl,True,D801.stp,OK,OK,True,True,deja_visible
D802,D802,True,True,Corniches - D802.stl,False,,,,False,True,a_importer_puis_extraire_section
D810,D810,True,True,Corniches - D810.stl,False,,,,False,True,a_importer_puis_extraire_section
D812,D812,True,True,Corniches - D812.stl,False,,,,False,True,a_importer_puis_extraire_section
D813,D813,True,True,Corniches - D813.stl,False,,,,False,True,a_importer_puis_extraire_section
D814,D814,True,True,Corniches - D814.stl,True,D814.stp,OK,SUSPECT_GEOMETRIE,False,True,a_qualifier_be
D815,D815,True,True,Corniches - D815.stl,True,D815.stp,OK,OK,True,True,deja_visible
D818,D818,True,True,Corniches - D818.stl,False,,,,False,True,a_importer_puis_extraire_section
D820,D820,True,True,Corniches - D820.stl,False,,,,False,True,a_importer_puis_extraire_section
D830,D830,True,True,Corniches - D830.stl,True,D830.stp,OK,OK,True,True,deja_visible
D835,D835,True,True,Corniches - D835.stl,True,D835.stp,OK,SUSPECT_GEOMETRIE,False,True,a_qualifier_be
D840,D840,True,True,Corniches - D840.stl,True,D840.stp,OK,OK,True,True,deja_visible
D843,D843,True,True,Corniches - D843.stl,False,,,,False,True,a_importer_puis_extraire_section
D844,D844,True,True,Corniches - D844.stl,False,,,,False,True,a_importer_puis_extraire_section
D845,D845,True,False,,False,,,,False,True,a_qualifier_be
D845-272,D845,False,True,Corniches - D845.stl,False,,,,False,False,a_importer_puis_extraire_section
D846,D846,True,False,,False,,,,False,True,a_qualifier_be
D846-1,D846,False,True,Corniches - D846.stl,False,,,,False,False,a_importer_puis_extraire_section
D878,D878,True,True,Corniches - D878.stl,False,,,,False,True,a_importer_puis_extraire_section
D879,D879,True,True,Corniches - D879.stl,False,,,,False,True,a_importer_puis_extraire_section
D879A,D879A,False,False,,False,,,,False,True,a_qualifier_be
D879B1,D879B1,False,False,,False,,,,False,True,a_qualifier_be
D879B2,D879B2,False,False,,False,,,,False,True,a_qualifier_be
D879B3,D879B3,False,False,,False,,,,False,True,a_qualifier_be
D879C,D879C,False,False,,False,,,,False,True,a_qualifier_be
D880,D880,True,True,Corniches - D880.stl,False,,,,False,True,a_importer_puis_extraire_section
D880A,D880A,True,False,,False,,,,False,True,a_qualifier_be
D880A-1,D880A,False,True,Corniches - D880A.stl,False,,,,False,False,a_importer_puis_extraire_section
D880B,D880B,True,True,Corniches - D880B.stl,False,,,,False,True,a_importer_puis_extraire_section
D881,D881,True,True,Corniches - D881.stl,False,,,,False,True,a_importer_puis_extraire_section
D881B,D881B,True,True,Corniches - D881B.stl,False,,,,False,True,a_importer_puis_extraire_section
D882,D882,True,True,Corniches - D882.stl,False,,,,False,True,a_importer_puis_extraire_section
D882B,D882B,False,False,,False,,,,False,True,a_qualifier_be
D883,D883,False,False,,False,,,,False,True,a_qualifier_be
D884,D884,False,False,,False,,,,False,True,a_qualifier_be
D885,D885,False,False,,False,,,,False,True,a_qualifier_be
D886,D886,True,True,Corniches - D886.stl,True,D886.stp,OK,OK,True,True,deja_visible
D887,D887,True,True,Corniches - D887.stl,False,,,,False,True,a_importer_puis_extraire_section
D888,D888,True,True,Corniches - D888.stl,True,D888.stp,OK,SUSPECT_GEOMETRIE,False,True,a_qualifier_be
D889,D889,True,True,Corniches - D889.stl,False,,,,False,True,a_importer_puis_extraire_section
D890,D890,False,False,,False,,,,False,True,a_qualifier_be
D891,D891,False,False,,True,D891.stp,OK,OK,True,True,deja_visible
D892,D892,False,False,,False,,,,False,True,a_qualifier_be
D893,D893,False,False,,False,,,,False,True,a_qualifier_be
D894,D894,False,False,,False,,,,False,True,a_qualifier_be
D895,D895,False,False,,False,,,,False,True,a_qualifier_be
D896,D896,True,True,Corniches - D896.stl,True,D896.stp,OK,SUSPECT_GEOMETRIE,False,True,a_qualifier_be
D897,D897,True,True,Corniches - D897.stl,False,,,,False,True,a_importer_puis_extraire_section
D898,D898,True,True,Corniches - D898.stl,True,D898.stp,OK,SUSPECT_GEOMETRIE,False,True,a_qualifier_be
D899,D899,True,True,Corniche - D899.stl,False,,,,False,True,a_importer_puis_extraire_section
D900,D900,True,True,Corniches - D900.stl,False,,,,False,True,a_importer_puis_extraire_section
D901,D901,True,True,Corniches - D901.stl,True,D901.stp,OK,OK,True,True,deja_visible
D903,D903,True,False,,False,,,,False,True,a_qualifier_be
D903-1,D903,False,True,Corniches - D903.stl,False,,,,False,False,a_importer_puis_extraire_section
D905B,D905B,True,True,Corniches - D905B.stl,False,,,,False,False,a_importer_puis_extraire_section
D905H,D905H,True,True,Corniches - D905H.stl,False,,,,False,False,a_importer_puis_extraire_section
EBL0430,EBL0430,True,False,,False,,,,False,False,a_qualifier_be
EBP0430,EBP0430,True,False,,False,,,,False,True,a_qualifier_be
EBP0430-1,EBP0430,False,True,Equerres - EBP0430.stl,False,,,,False,False,a_importer_puis_extraire_section
EMB95,EMB95,True,False,,False,,,,False,False,a_qualifier_be
EMB95-EBL0430-218,EMB95-EBL0430,False,True,Corniches - EMB95-EBL0430.stl,False,,,,False,False,a_importer_puis_extraire_section
M038,M038,True,True,Rosaces - M038.stl,False,,,,False,False,a_importer_puis_extraire_section
M039,M039,False,False,,False,,,,False,True,a_qualifier_be
M045,M045,False,False,,False,,,,False,True,a_qualifier_be
M046,M046,False,False,,False,,,,False,True,a_qualifier_be
M048,M048,True,True,Rosaces - M048.stl,False,,,,False,True,a_importer_puis_extraire_section
M051,M051,False,False,,False,,,,False,True,a_qualifier_be
M054,M054,False,False,,False,,,,False,True,a_qualifier_be
M055,M055,False,False,,False,,,,False,True,a_qualifier_be
M060,M060,True,True,Rosaces - M060.stl,False,,,,False,True,a_importer_puis_extraire_section
M067,M067,True,True,Rosaces - M067.stl,False,,,,False,True,a_importer_puis_extraire_section
M068,M068,False,False,,False,,,,False,True,a_qualifier_be
M069,M069,False,False,,False,,,,False,True,a_qualifier_be
M071,M071,True,True,Rosaces - M071.stl,False,,,,False,True,a_importer_puis_extraire_section
M202,M202,True,True,Rosaces - M202.stl,False,,,,False,True,a_importer_puis_extraire_section
M208,M208,False,False,,False,,,,False,True,a_qualifier_be
M209,M209,True,True,Rosaces - M209.stl,False,,,,False,True,a_importer_puis_extraire_section
M210,M210,False,False,,False,,,,False,True,a_qualifier_be
M250,M250,True,True,Rosaces - M250.stl,False,,,,False,True,a_importer_puis_extraire_section
M251,M251,True,True,Rosaces - M251.stl,False,,,,False,True,a_importer_puis_extraire_section
M252,M252,True,True,Rosaces - M252.stl,False,,,,False,True,a_importer_puis_extraire_section
M253,M253,True,True,Rosaces - M253.stl,False,,,,False,True,a_importer_puis_extraire_section
M254,M254,True,True,Rosaces - M254.stl,False,,,,False,True,a_importer_puis_extraire_section
M255,M255,False,False,,False,,,,False,True,a_qualifier_be
M298,M298,False,False,,False,,,,False,True,a_qualifier_be
M299,M299,False,False,,False,,,,False,True,a_qualifier_be
M302,M302,True,True,Rosaces - M302.stl,False,,,,False,True,a_importer_puis_extraire_section
M303,M303,True,True,Rosaces - M303.stl,False,,,,False,False,a_importer_puis_extraire_section
M306,M306,True,True,Rosaces - M306.stl,False,,,,False,True,a_importer_puis_extraire_section
M390,M390,False,False,,False,,,,False,True,a_qualifier_be
M400,M400,True,True,Rosaces - M400.stl,False,,,,False,True,a_importer_puis_extraire_section
M401,M401,True,True,Rosaces - M401.stl,False,,,,False,True,a_importer_puis_extraire_section
M401P,M401P,True,True,Rosaces - M401P.stl,False,,,,False,True,a_importer_puis_extraire_section
M402,M402,True,True,Rosaces - M402.stl,False,,,,False,True,a_importer_puis_extraire_section
M403,M403,True,True,Rosaces - M403.stl,False,,,,False,True,a_importer_puis_extraire_section
M404,M404,True,True,Rosaces - M404.stl,False,,,,False,True,a_importer_puis_extraire_section
M405,M405,True,True,Rosaces - M405.stl,False,,,,False,True,a_importer_puis_extraire_section
M406,M406,False,False,,False,,,,False,True,a_qualifier_be
M407,M407,False,False,,False,,,,False,True,a_qualifier_be
M501,M501,True,False,,False,,,,False,True,a_qualifier_be
M501-635,M501,False,True,Rosaces - M501.stl,False,,,,False,False,a_importer_puis_extraire_section
M502,M502,True,True,Rosaces - M502.stl,False,,,,False,True,a_importer_puis_extraire_section
M503,M503,False,False,,False,,,,False,True,a_qualifier_be
M504,M504,True,True,Rosaces - M504.stl,False,,,,False,True,a_importer_puis_extraire_section
M604,M604,True,True,Rosaces - M604.stl,False,,,,False,True,a_importer_puis_extraire_section
M605,M605,True,True,Rosaces - M605.stl,False,,,,False,True,a_importer_puis_extraire_section
ORN.10,ORN.10,True,False,,False,,,,False,False,a_qualifier_be
ORN.12,ORN.12,True,False,,False,,,,False,False,a_qualifier_be
ORN.15,ORN.15,True,False,,False,,,,False,False,a_qualifier_be
ORN.16,ORN.16,True,False,,False,,,,False,False,a_qualifier_be
ORN.19,ORN.19,True,False,,False,,,,False,False,a_qualifier_be
ORN.1D,ORN.1D,True,False,,False,,,,False,False,a_qualifier_be
ORN.1G,ORN.1G,True,False,,False,,,,False,False,a_qualifier_be
ORN.26,ORN.26,True,False,,False,,,,False,False,a_qualifier_be
ORN.2D,ORN.2D,True,False,,False,,,,False,False,a_qualifier_be
ORN.2G,ORN.2G,True,False,,False,,,,False,False,a_qualifier_be
ORN.36,ORN.36,True,False,,False,,,,False,False,a_qualifier_be
ORN.3D,ORN.3D,True,False,,False,,,,False,False,a_qualifier_be
ORN.3G,ORN.3G,True,False,,False,,,,False,False,a_qualifier_be
ORN.4D,ORN.4D,True,False,,False,,,,False,False,a_qualifier_be
ORN.4G,ORN.4G,True,False,,False,,,,False,False,a_qualifier_be
ORN.5D,ORN.5D,True,False,,False,,,,False,False,a_qualifier_be
ORN.5G,ORN.5G,True,False,,False,,,,False,False,a_qualifier_be
ORN.6D,ORN.6D,True,False,,False,,,,False,False,a_qualifier_be
ORN.6G,ORN.6G,True,False,,False,,,,False,False,a_qualifier_be
ORN.7D,ORN.7D,True,False,,False,,,,False,False,a_qualifier_be
ORN.7G,ORN.7G,True,False,,False,,,,False,False,a_qualifier_be
ORN.8D,ORN.8D,True,False,,False,,,,False,False,a_qualifier_be
ORN.8G,ORN.8G,True,False,,False,,,,False,False,a_qualifier_be
ORN.9,ORN.9,True,False,,False,,,,False,False,a_qualifier_be
ORN10-825,ORN10,False,True,Ornements - ORN10.stl,False,,,,False,False,a_importer_puis_extraire_section
ORN12,ORN12,False,True,Ornements - ORN12.stl,False,,,,False,False,a_importer_puis_extraire_section
ORN15,ORN15,False,True,Ornements - ORN15.stl,False,,,,False,False,a_importer_puis_extraire_section
ORN16,ORN16,False,True,Ornements - ORN16.stl,False,,,,False,False,a_importer_puis_extraire_section
ORN19-987,ORN19,False,True,Ornements - ORN19.stl,False,,,,False,False,a_importer_puis_extraire_section
ORN1D,ORN1D,False,True,Ornements - ORN1D.stl,False,,,,False,False,a_importer_puis_extraire_section
ORN1G,ORN1G,False,True,Ornements - ORN1G.stl,False,,,,False,False,a_importer_puis_extraire_section
ORN26,ORN26,False,True,Ornements - ORN26.stl,False,,,,False,False,a_importer_puis_extraire_section
ORN2D-821,ORN2D,False,True,Ornements - ORN2D.stl,False,,,,False,False,a_importer_puis_extraire_section
ORN2G-822,ORN2G,False,True,Ornements - ORN2G.stl,False,,,,False,False,a_importer_puis_extraire_section
ORN36,ORN36,False,True,Ornements - ORN36.stl,False,,,,False,False,a_importer_puis_extraire_section
ORN3D-823,ORN3D,False,True,Ornements - ORN3D.stl,False,,,,False,False,a_importer_puis_extraire_section
ORN3G-824,ORN3G,False,True,Ornements - ORN3G.stl,False,,,,False,False,a_importer_puis_extraire_section
ORN4D-1024,ORN4D,False,True,Ornements - ORN4D.stl,False,,,,False,False,a_importer_puis_extraire_section
ORN4G-1025,ORN4G,False,True,Ornements - ORN4G.stl,False,,,,False,False,a_importer_puis_extraire_section
ORN5D-826,ORN5D,False,True,Ornements - ORN5D.stl,False,,,,False,False,a_importer_puis_extraire_section
ORN5G,ORN5G,False,True,Ornements - ORN5G.stl,False,,,,False,False,a_importer_puis_extraire_section
ORN6D-1022,ORN6D,False,True,Ornements - ORN6D.stl,False,,,,False,False,a_importer_puis_extraire_section
ORN6G,ORN6G,False,True,Ornements - ORN6G.stl,False,,,,False,False,a_importer_puis_extraire_section
ORN7D,ORN7D,False,True,Ornements - ORN7D.stl,False,,,,False,False,a_importer_puis_extraire_section
ORN7G-1023,ORN7G,False,True,Ornements - ORN7G.stl,False,,,,False,False,a_importer_puis_extraire_section
ORN8D-1021,ORN8D,False,True,Ornements - ORN8D.stl,False,,,,False,False,a_importer_puis_extraire_section
ORN8G,ORN8G,False,True,Ornements - ORN8G.stl,False,,,,False,False,a_importer_puis_extraire_section
ORN9-820,ORN9,False,True,Ornements - ORN9.stl,False,,,,False,False,a_importer_puis_extraire_section
PL201,PL201,False,False,,False,,,,False,True,a_qualifier_be
PL204,PL204,False,False,,False,,,,False,True,a_qualifier_be
PL319,PL319,False,False,,False,,,,False,True,a_qualifier_be
PLIN08,PLIN08,False,False,,False,,,,False,True,a_qualifier_be
PLIN08M,PLIN08M,False,False,,False,,,,False,True,a_qualifier_be
PLIN10,PLIN10,False,False,,True,PLIN10.stp,OK,SUSPECT_GEOMETRIE,False,True,a_qualifier_be
PLIN10A,PLIN10A,False,False,,False,,,,False,True,a_qualifier_be
PLIN10M,PLIN10M,False,False,,False,,,,False,True,a_qualifier_be
PLIN10MA,PLIN10MA,False,False,,False,,,,False,True,a_qualifier_be
PLIN12,PLIN12,False,False,,True,PLIN12.stp,OK,SUSPECT_GEOMETRIE,False,True,a_qualifier_be
PLIN12A,PLIN12A,False,False,,False,,,,False,True,a_qualifier_be
PLIN15,PLIN15,False,False,,True,PLIN15.stp,OK,SUSPECT_GEOMETRIE,False,True,a_qualifier_be
PLIN15A,PLIN15A,False,False,,False,,,,False,True,a_qualifier_be
PLIN20,PLIN20,False,False,,True,PLIN20.stp,OK,SUSPECT_GEOMETRIE,False,True,a_qualifier_be
PLIN21,PLIN21,False,False,,False,,,,False,True,a_qualifier_be
PLIN38,PLIN38,False,False,,False,,,,False,True,a_qualifier_be
PLINT,PLINT,False,False,,False,,,,False,True,a_qualifier_be
PLINTA,PLINTA,False,False,,False,,,,False,True,a_qualifier_be
R561,R561,False,False,,False,,,,False,True,a_qualifier_be
RADIA1,cache radiateur RADIA simple sans cimaise,False,True,cache radiateur RADIA simple sans cimaise.stl,False,,,,False,False,a_importer_puis_extraire_section
RADIA1DOUBLE,RADIA1 double,True,False,,False,,,,False,False,a_qualifier_be
RADIA1SIMPLE,RADIA 1 simple,True,False,,False,,,,False,False,a_qualifier_be
RADIA2DOUBLE,RADIA2 double,True,False,,False,,,,False,False,a_qualifier_be
RADIA2SIMPLE,RADIA2 simple,True,False,,False,,,,False,False,a_qualifier_be
S562,S562,False,False,,False,,,,False,True,a_qualifier_be
SD7042,SD7042,True,False,,False,,,,False,False,a_qualifier_be
SD7045,SD7045,False,False,,False,,,,False,True,a_qualifier_be
SD7046,SD7046,False,False,,False,,,,False,True,a_qualifier_be
SD7047,SD7047,True,False,,False,,,,False,False,a_qualifier_be
SD7055,SD7055,False,False,,False,,,,False,True,a_qualifier_be
SD7500,SD7500,True,False,,False,,,,False,False,a_qualifier_be
SD7501,SD7501,True,False,,False,,,,False,False,a_qualifier_be
SD7502,SD7502,True,False,,False,,,,False,False,a_qualifier_be
SD7503,SD7503,True,False,,False,,,,False,False,a_qualifier_be
SDC1,SDC1,False,False,,False,,,,False,True,a_qualifier_be
SDC2,SDC2,False,False,,False,,,,False,True,a_qualifier_be
SDPA1,SDPA1,False,False,,False,,,,False,True,a_qualifier_be
SDPA2,SDPA2,True,True,Corniches - SDPA2.stl,False,,,,False,True,a_importer_puis_extraire_section
SDPA3,SDPA3,False,False,,False,,,,False,True,a_qualifier_be
SDPA4,SDPA4,False,False,,False,,,,False,True,a_qualifier_be
TAL1343,TAL1343,False,False,,False,,,,False,True,a_qualifier_be
TAL20,TAL20,False,False,,False,,,,False,True,a_qualifier_be
TAL26,TAL26,False,False,,True,TAL26 plan.step,OK,OK,True,True,deja_visible
TAL41,TAL41,False,False,,False,,,,False,True,a_qualifier_be
TAL44,TAL44,False,False,,False,,,,False,True,a_qualifier_be
TALGM,TALGM,False,False,,False,,,,False,True,a_qualifier_be
US0740,US0740,False,False,,False,,,,False,True,a_qualifier_be
US1040,US1040,False,False,,False,,,,False,True,a_qualifier_be
